LAYER_L;BLK_NAME;W_L;X1;Y1;X2;Y2;
View002;;0;1.35306e+08;1.56132e+08;1.72306e+08;1.56132e+08;
View002;;0;1.34306e+08;1.44132e+08;1.34306e+08;1.55132e+08;
View002;;0;1.73306e+08;1.44132e+08;1.34306e+08;1.55132e+08;
View002;;0;1.34306e+08;1.44132e+08;1.73306e+08;1.44132e+08;
View002;;0;1.73306e+08;1.55132e+08;1.34306e+08;1.55132e+08;
View002;;0;1.73306e+08;1.44132e+08;1.73306e+08;1.55132e+08;
View002;;0;1.72306e+08;1.43132e+08;1.35306e+08;1.43132e+08;
View002;;0;1.72306e+08;1.56132e+08;1.73306e+08;1.55132e+08;
View002;;0;1.35306e+08;1.56132e+08;1.73306e+08;1.55132e+08;
View002;;0;1.35306e+08;1.56132e+08;1.34306e+08;1.55132e+08;
View002;;0;1.35306e+08;1.43132e+08;1.34306e+08;1.44132e+08;
View002;;0;1.73306e+08;1.44132e+08;1.72306e+08;1.43132e+08;
View002;;0;1.35306e+08;1.43132e+08;1.73306e+08;1.44132e+08;
View002;;0;1.38417e+08;1.39747e+08;1.39106e+08;1.39876e+08;
View002;;0;1.38763e+08;1.37775e+08;1.39471e+08;1.37933e+08;
View002;;0;1.39471e+08;1.37933e+08;1.38782e+08;1.37805e+08;
View002;;0;1.38782e+08;1.37805e+08;1.38763e+08;1.37775e+08;
View002;;0;1.38763e+08;1.37775e+08;1.39452e+08;1.37904e+08;
View002;;0;1.39452e+08;1.37904e+08;1.39471e+08;1.37933e+08;
View002;;0;1.38537e+08;1.39198e+08;1.39106e+08;1.39876e+08;
View002;;0;1.38417e+08;1.39747e+08;1.38537e+08;1.39198e+08;
View002;;0;1.39226e+08;1.39327e+08;1.39106e+08;1.39876e+08;
View002;;0;1.38537e+08;1.39198e+08;1.39226e+08;1.39327e+08;
View002;;0;1.38688e+08;1.38394e+08;1.39226e+08;1.39327e+08;
View002;;0;1.38537e+08;1.39198e+08;1.38688e+08;1.38394e+08;
View002;;0;1.39377e+08;1.38523e+08;1.39226e+08;1.39327e+08;
View002;;0;1.38688e+08;1.38394e+08;1.39377e+08;1.38523e+08;
View002;;0;1.38782e+08;1.37805e+08;1.39377e+08;1.38523e+08;
View002;;0;1.38688e+08;1.38394e+08;1.38782e+08;1.37805e+08;
View002;;0;1.39471e+08;1.37933e+08;1.39377e+08;1.38523e+08;
View002;;0;1.39452e+08;1.37904e+08;1.40863e+08;1.3833e+08;
View002;;0;1.40863e+08;1.3833e+08;1.39471e+08;1.37933e+08;
View002;;0;1.39452e+08;1.37904e+08;1.40845e+08;1.38301e+08;
View002;;0;1.40863e+08;1.3833e+08;1.40845e+08;1.38301e+08;
View002;;0;1.39841e+08;1.40022e+08;1.4044e+08;1.40384e+08;
View002;;0;1.40845e+08;1.38301e+08;1.41463e+08;1.38692e+08;
View002;;0;1.41463e+08;1.38692e+08;1.40863e+08;1.3833e+08;
View002;;0;1.40845e+08;1.38301e+08;1.41445e+08;1.38663e+08;
View002;;0;1.41445e+08;1.38663e+08;1.41463e+08;1.38692e+08;
View002;;0;1.40153e+08;1.39547e+08;1.4044e+08;1.40384e+08;
View002;;0;1.39841e+08;1.40022e+08;1.40153e+08;1.39547e+08;
View002;;0;1.40753e+08;1.39909e+08;1.4044e+08;1.40384e+08;
View002;;0;1.40153e+08;1.39547e+08;1.40753e+08;1.39909e+08;
View002;;0;1.40577e+08;1.38846e+08;1.40753e+08;1.39909e+08;
View002;;0;1.40153e+08;1.39547e+08;1.40577e+08;1.38846e+08;
View002;;0;1.41177e+08;1.39208e+08;1.40753e+08;1.39909e+08;
View002;;0;1.40577e+08;1.38846e+08;1.41177e+08;1.39208e+08;
View002;;0;1.40863e+08;1.3833e+08;1.41177e+08;1.39208e+08;
View002;;0;1.40577e+08;1.38846e+08;1.40863e+08;1.3833e+08;
View002;;0;1.41463e+08;1.38692e+08;1.41177e+08;1.39208e+08;
View002;;0;1.41445e+08;1.38663e+08;1.42574e+08;1.39499e+08;
View002;;0;1.42574e+08;1.39499e+08;1.41463e+08;1.38692e+08;
View002;;0;1.41445e+08;1.38663e+08;1.42556e+08;1.3947e+08;
View002;;0;1.42574e+08;1.39499e+08;1.42556e+08;1.3947e+08;
View002;;0;1.41943e+08;1.40944e+08;1.41039e+08;1.40745e+08;
View002;;0;1.41039e+08;1.40745e+08;1.41502e+08;1.404e+08;
View002;;0;1.41502e+08;1.404e+08;1.41943e+08;1.40944e+08;
View002;;0;1.41943e+08;1.40944e+08;1.4148e+08;1.41289e+08;
View002;;0;1.41039e+08;1.40745e+08;1.4148e+08;1.41289e+08;
View002;;0;1.42556e+08;1.3947e+08;1.43016e+08;1.40043e+08;
View002;;0;1.43016e+08;1.40043e+08;1.42574e+08;1.39499e+08;
View002;;0;1.42556e+08;1.3947e+08;1.42997e+08;1.40014e+08;
View002;;0;1.42997e+08;1.40014e+08;1.43016e+08;1.40043e+08;
View002;;0;1.42138e+08;1.39884e+08;1.41943e+08;1.40944e+08;
View002;;0;1.41502e+08;1.404e+08;1.42138e+08;1.39884e+08;
View002;;0;1.42579e+08;1.40428e+08;1.41943e+08;1.40944e+08;
View002;;0;1.42138e+08;1.39884e+08;1.42579e+08;1.40428e+08;
View002;;0;1.43016e+08;1.40043e+08;1.42138e+08;1.39884e+08;
View002;;0;1.42138e+08;1.39884e+08;1.42574e+08;1.39499e+08;
View002;;0;1.43016e+08;1.40043e+08;1.42579e+08;1.40428e+08;
View002;;0;1.42997e+08;1.40014e+08;1.43787e+08;1.41178e+08;
View002;;0;1.43787e+08;1.41178e+08;1.43016e+08;1.40043e+08;
View002;;0;1.42997e+08;1.40014e+08;1.43768e+08;1.41149e+08;
View002;;0;1.43787e+08;1.41178e+08;1.43768e+08;1.41149e+08;
View002;;0;1.42712e+08;1.42322e+08;1.41921e+08;1.41831e+08;
View002;;0;1.41921e+08;1.41831e+08;1.42481e+08;1.4166e+08;
View002;;0;1.42481e+08;1.4166e+08;1.42712e+08;1.42322e+08;
View002;;0;1.42712e+08;1.42322e+08;1.42152e+08;1.42492e+08;
View002;;0;1.41921e+08;1.41831e+08;1.42152e+08;1.42492e+08;
View002;;0;1.42152e+08;1.42492e+08;1.41906e+08;1.41813e+08;
View002;;0;1.42152e+08;1.42492e+08;1.42133e+08;1.42463e+08;
View002;;0;1.41906e+08;1.41813e+08;1.42133e+08;1.42463e+08;
View002;;0;1.44018e+08;1.41839e+08;1.43787e+08;1.41178e+08;
View002;;0;1.43254e+08;1.4139e+08;1.42712e+08;1.42322e+08;
View002;;0;1.42481e+08;1.4166e+08;1.43254e+08;1.4139e+08;
View002;;0;1.43485e+08;1.42051e+08;1.42712e+08;1.42322e+08;
View002;;0;1.43254e+08;1.4139e+08;1.43485e+08;1.42051e+08;
View002;;0;1.44018e+08;1.41839e+08;1.43254e+08;1.4139e+08;
View002;;0;1.43254e+08;1.4139e+08;1.43787e+08;1.41178e+08;
View002;;0;1.44018e+08;1.41839e+08;1.43485e+08;1.42051e+08;
View002;;0;1.4435e+08;1.43094e+08;1.44018e+08;1.41839e+08;
View002;;0;1.44351e+08;1.43132e+08;1.4435e+08;1.43094e+08;
View002;;0;1.42355e+08;1.43072e+08;1.42355e+08;1.43132e+08;
View002;;0;1.42374e+08;1.43101e+08;1.42373e+08;1.43132e+08;
View002;;0;1.42355e+08;1.43072e+08;1.42374e+08;1.43101e+08;
View002;;0;1.42374e+08;1.43101e+08;1.42374e+08;1.43132e+08;
View002;;0;1.42966e+08;1.4312e+08;1.42955e+08;1.43132e+08;
View002;;0;1.42374e+08;1.43101e+08;1.42966e+08;1.4312e+08;
View002;;0;1.42966e+08;1.4312e+08;1.42966e+08;1.43132e+08;
View002;;0;1.43785e+08;1.43117e+08;1.43766e+08;1.43132e+08;
View002;;0;1.42966e+08;1.4312e+08;1.43785e+08;1.43117e+08;
View002;;0;1.43785e+08;1.43117e+08;1.43785e+08;1.43132e+08;
View002;;0;1.43798e+08;1.43132e+08;1.43785e+08;1.43117e+08;
View002;;0;1.43785e+08;1.43117e+08;1.4435e+08;1.43094e+08;
View002;;0;1.44018e+08;1.41839e+08;1.43785e+08;1.43117e+08;
View002;;0;1.43785e+08;1.43117e+08;1.43485e+08;1.42051e+08;
View002;;0;1.43485e+08;1.42051e+08;1.42966e+08;1.4312e+08;
View002;;0;1.42966e+08;1.4312e+08;1.42712e+08;1.42322e+08;
View002;;0;1.42712e+08;1.42322e+08;1.42374e+08;1.43101e+08;
View002;;0;1.42374e+08;1.43101e+08;1.42152e+08;1.42492e+08;
View002;;0;1.42374e+08;1.43101e+08;1.42133e+08;1.42463e+08;
View002;;0;1.42355e+08;1.43072e+08;1.42133e+08;1.42463e+08;
View002;;0;1.43016e+08;1.40043e+08;1.43254e+08;1.4139e+08;
View002;;0;1.43254e+08;1.4139e+08;1.42579e+08;1.40428e+08;
View002;;0;1.42579e+08;1.40428e+08;1.42481e+08;1.4166e+08;
View002;;0;1.42481e+08;1.4166e+08;1.41943e+08;1.40944e+08;
View002;;0;1.41943e+08;1.40944e+08;1.41921e+08;1.41831e+08;
View002;;0;1.41921e+08;1.41831e+08;1.4148e+08;1.41289e+08;
View002;;0;1.41463e+08;1.38692e+08;1.42138e+08;1.39884e+08;
View002;;0;1.42138e+08;1.39884e+08;1.41177e+08;1.39208e+08;
View002;;0;1.41177e+08;1.39208e+08;1.41502e+08;1.404e+08;
View002;;0;1.41502e+08;1.404e+08;1.40753e+08;1.39909e+08;
View002;;0;1.40753e+08;1.39909e+08;1.41039e+08;1.40745e+08;
View002;;0;1.41039e+08;1.40745e+08;1.4044e+08;1.40384e+08;
View002;;0;1.39471e+08;1.37933e+08;1.40577e+08;1.38846e+08;
View002;;0;1.40577e+08;1.38846e+08;1.39377e+08;1.38523e+08;
View002;;0;1.39377e+08;1.38523e+08;1.40153e+08;1.39547e+08;
View002;;0;1.40153e+08;1.39547e+08;1.39226e+08;1.39327e+08;
View002;;0;1.39226e+08;1.39327e+08;1.39841e+08;1.40022e+08;
View002;;0;1.39841e+08;1.40022e+08;1.39106e+08;1.39876e+08;
View002;;0;1.60329e+08;1.5616e+08;1.57841e+08;1.57837e+08;
View002;;0;1.6031e+08;1.56132e+08;1.60329e+08;1.5616e+08;
View002;;0;1.57841e+08;1.57837e+08;1.59579e+08;1.56132e+08;
View002;;0;1.57841e+08;1.57837e+08;1.57531e+08;1.57378e+08;
View002;;0;1.59379e+08;1.56132e+08;1.57531e+08;1.57378e+08;
View002;;0;1.57531e+08;1.57378e+08;1.58604e+08;1.56132e+08;
View002;;0;1.57531e+08;1.57378e+08;1.57073e+08;1.56699e+08;
View002;;0;1.57914e+08;1.56132e+08;1.57073e+08;1.56699e+08;
View002;;0;1.57073e+08;1.56699e+08;1.57634e+08;1.56132e+08;
View002;;0;1.57073e+08;1.56699e+08;1.56737e+08;1.56199e+08;
View002;;0;1.56836e+08;1.56132e+08;1.56737e+08;1.56199e+08;
View002;;0;1.56737e+08;1.56199e+08;1.56833e+08;1.56132e+08;
View002;;0;1.56737e+08;1.56199e+08;1.56718e+08;1.5617e+08;
View002;;0;1.56718e+08;1.5617e+08;1.56774e+08;1.56132e+08;
View002;;0;1.60354e+08;1.56132e+08;1.60329e+08;1.5616e+08;
View002;;0;1.56658e+08;1.58307e+08;1.53686e+08;1.58679e+08;
View002;;0;1.53631e+08;1.58599e+08;1.56658e+08;1.58307e+08;
View002;;0;1.53686e+08;1.58679e+08;1.53631e+08;1.58599e+08;
View002;;0;1.56603e+08;1.58227e+08;1.56658e+08;1.58307e+08;
View002;;0;1.56603e+08;1.58227e+08;1.53631e+08;1.58599e+08;
View002;;0;1.56496e+08;1.57599e+08;1.56603e+08;1.58227e+08;
View002;;0;1.53631e+08;1.58599e+08;1.56496e+08;1.57599e+08;
View002;;0;1.53631e+08;1.58599e+08;1.53524e+08;1.57971e+08;
View002;;0;1.56496e+08;1.57599e+08;1.53524e+08;1.57971e+08;
View002;;0;1.564e+08;1.5679e+08;1.56496e+08;1.57599e+08;
View002;;0;1.53524e+08;1.57971e+08;1.564e+08;1.5679e+08;
View002;;0;1.53524e+08;1.57971e+08;1.53427e+08;1.57162e+08;
View002;;0;1.564e+08;1.5679e+08;1.53427e+08;1.57162e+08;
View002;;0;1.5637e+08;1.56275e+08;1.564e+08;1.5679e+08;
View002;;0;1.53427e+08;1.57162e+08;1.5637e+08;1.56275e+08;
View002;;0;1.53427e+08;1.57162e+08;1.53398e+08;1.56647e+08;
View002;;0;1.5637e+08;1.56275e+08;1.53398e+08;1.56647e+08;
View002;;0;1.52418e+08;1.58538e+08;1.49609e+08;1.57525e+08;
View002;;0;1.49554e+08;1.57445e+08;1.52418e+08;1.58538e+08;
View002;;0;1.49609e+08;1.57525e+08;1.49554e+08;1.57445e+08;
View002;;0;1.52363e+08;1.58459e+08;1.52418e+08;1.58538e+08;
View002;;0;1.52363e+08;1.58459e+08;1.49554e+08;1.57445e+08;
View002;;0;1.49715e+08;1.56847e+08;1.52363e+08;1.58459e+08;
View002;;0;1.49554e+08;1.57445e+08;1.49715e+08;1.56847e+08;
View002;;0;1.52524e+08;1.5786e+08;1.52363e+08;1.58459e+08;
View002;;0;1.52524e+08;1.5786e+08;1.49715e+08;1.56847e+08;
View002;;0;1.50071e+08;1.56132e+08;1.52524e+08;1.5786e+08;
View002;;0;1.49715e+08;1.56847e+08;1.49978e+08;1.56132e+08;
View002;;0;1.52806e+08;1.57093e+08;1.52524e+08;1.5786e+08;
View002;;0;1.52806e+08;1.57093e+08;1.50142e+08;1.56132e+08;
View002;;0;1.51158e+08;1.56132e+08;1.52806e+08;1.57093e+08;
View002;;0;1.53045e+08;1.56608e+08;1.52806e+08;1.57093e+08;
View002;;0;1.53045e+08;1.56608e+08;1.51727e+08;1.56132e+08;
View002;;0;1.48547e+08;1.56825e+08;1.479e+08;1.56132e+08;
View002;;0;1.47906e+08;1.56132e+08;1.48547e+08;1.56825e+08;
View002;;0;1.48492e+08;1.56745e+08;1.48547e+08;1.56825e+08;
View002;;0;1.48492e+08;1.56745e+08;1.4792e+08;1.56132e+08;
View002;;0;1.48792e+08;1.56132e+08;1.48877e+08;1.56295e+08;
View002;;0;1.48877e+08;1.56295e+08;1.48726e+08;1.56132e+08;
View002;;0;1.49052e+08;1.56132e+08;1.48877e+08;1.56295e+08;
View002;;0;1.48877e+08;1.56295e+08;1.4865e+08;1.56132e+08;
View002;;0;1.48877e+08;1.56295e+08;1.48492e+08;1.56745e+08;
View002;;0;1.47731e+08;1.43132e+08;1.47937e+08;1.4287e+08;
View002;;0;1.47937e+08;1.4287e+08;1.48303e+08;1.43132e+08;
View002;;0;1.49142e+08;1.4254e+08;1.49417e+08;1.43132e+08;
View002;;0;1.49064e+08;1.43132e+08;1.49142e+08;1.4254e+08;
View002;;0;1.48396e+08;1.43132e+08;1.49142e+08;1.4254e+08;
View002;;0;1.48939e+08;1.42075e+08;1.49142e+08;1.4254e+08;
View002;;0;1.48371e+08;1.43132e+08;1.48939e+08;1.42075e+08;
View002;;0;1.47937e+08;1.4287e+08;1.48939e+08;1.42075e+08;
View002;;0;1.49715e+08;1.56847e+08;1.49562e+08;1.56132e+08;
View002;;0;1.49715e+08;1.56847e+08;1.48877e+08;1.56295e+08;
View002;;0;1.49554e+08;1.57445e+08;1.48877e+08;1.56295e+08;
View002;;0;1.49554e+08;1.57445e+08;1.48492e+08;1.56745e+08;
View002;;0;1.49609e+08;1.57525e+08;1.48492e+08;1.56745e+08;
View002;;0;1.49609e+08;1.57525e+08;1.48547e+08;1.56825e+08;
View002;;0;1.53398e+08;1.56647e+08;1.53045e+08;1.56608e+08;
View002;;0;1.53427e+08;1.57162e+08;1.53045e+08;1.56608e+08;
View002;;0;1.53427e+08;1.57162e+08;1.52806e+08;1.57093e+08;
View002;;0;1.53524e+08;1.57971e+08;1.52806e+08;1.57093e+08;
View002;;0;1.53524e+08;1.57971e+08;1.52524e+08;1.5786e+08;
View002;;0;1.53631e+08;1.58599e+08;1.52524e+08;1.5786e+08;
View002;;0;1.53631e+08;1.58599e+08;1.52363e+08;1.58459e+08;
View002;;0;1.53686e+08;1.58679e+08;1.52363e+08;1.58459e+08;
View002;;0;1.53686e+08;1.58679e+08;1.52418e+08;1.58538e+08;
View002;;0;1.5637e+08;1.56275e+08;1.56718e+08;1.5617e+08;
View002;;0;1.56737e+08;1.56199e+08;1.5637e+08;1.56275e+08;
View002;;0;1.564e+08;1.5679e+08;1.56737e+08;1.56199e+08;
View002;;0;1.57073e+08;1.56699e+08;1.564e+08;1.5679e+08;
View002;;0;1.57073e+08;1.56699e+08;1.56496e+08;1.57599e+08;
View002;;0;1.57531e+08;1.57378e+08;1.56496e+08;1.57599e+08;
View002;;0;1.56603e+08;1.58227e+08;1.57531e+08;1.57378e+08;
View002;;0;1.57841e+08;1.57837e+08;1.56603e+08;1.58227e+08;
View002;;0;1.57841e+08;1.57837e+08;1.56658e+08;1.58307e+08;
View002;;0;1.49796e+08;1.43132e+08;1.50838e+08;1.42646e+08;
View002;;0;1.50838e+08;1.42646e+08;1.51062e+08;1.43132e+08;
View002;;0;1.49592e+08;1.43132e+08;1.50494e+08;1.41909e+08;
View002;;0;1.50494e+08;1.41909e+08;1.50838e+08;1.42646e+08;
View002;;0;1.49142e+08;1.4254e+08;1.50494e+08;1.41909e+08;
View002;;0;1.49142e+08;1.4254e+08;1.50276e+08;1.4145e+08;
View002;;0;1.50276e+08;1.4145e+08;1.50494e+08;1.41909e+08;
View002;;0;1.48939e+08;1.42075e+08;1.50276e+08;1.4145e+08;
View002;;0;1.51184e+08;1.41041e+08;1.5304e+08;1.40543e+08;
View002;;0;1.5304e+08;1.40543e+08;1.51203e+08;1.4107e+08;
View002;;0;1.51203e+08;1.4107e+08;1.51184e+08;1.41041e+08;
View002;;0;1.53022e+08;1.40514e+08;1.51184e+08;1.41041e+08;
View002;;0;1.5304e+08;1.40543e+08;1.53022e+08;1.40514e+08;
View002;;0;1.53583e+08;1.42442e+08;1.53939e+08;1.42427e+08;
View002;;0;1.60331e+08;1.562e+08;1.57843e+08;1.57877e+08;
View002;;0;1.60312e+08;1.56172e+08;1.60331e+08;1.562e+08;
View002;;0;1.57843e+08;1.57877e+08;1.57978e+08;1.57744e+08;
View002;;0;1.57843e+08;1.57877e+08;1.57822e+08;1.57845e+08;
View002;;0;1.60393e+08;1.56132e+08;1.60331e+08;1.562e+08;
View002;;0;1.60403e+08;1.43132e+08;1.58407e+08;1.41561e+08;
View002;;0;1.58407e+08;1.41561e+08;1.60418e+08;1.43132e+08;
View002;;0;1.58425e+08;1.4159e+08;1.58407e+08;1.41561e+08;
View002;;0;1.58425e+08;1.4159e+08;1.604e+08;1.43132e+08;
View002;;0;1.59766e+08;1.43132e+08;1.58425e+08;1.4159e+08;
View002;;0;1.58082e+08;1.42066e+08;1.59446e+08;1.43132e+08;
View002;;0;1.58082e+08;1.42066e+08;1.58425e+08;1.4159e+08;
View002;;0;1.58877e+08;1.43132e+08;1.58082e+08;1.42066e+08;
View002;;0;1.57577e+08;1.42711e+08;1.58116e+08;1.43132e+08;
View002;;0;1.57577e+08;1.42711e+08;1.58082e+08;1.42066e+08;
View002;;0;1.57945e+08;1.43132e+08;1.57577e+08;1.42711e+08;
View002;;0;1.57219e+08;1.43132e+08;1.57577e+08;1.42711e+08;
View002;;0;1.57262e+08;1.41059e+08;1.543e+08;1.40458e+08;
View002;;0;1.543e+08;1.40458e+08;1.57243e+08;1.4103e+08;
View002;;0;1.57243e+08;1.4103e+08;1.57262e+08;1.41059e+08;
View002;;0;1.54318e+08;1.40487e+08;1.543e+08;1.40458e+08;
View002;;0;1.54318e+08;1.40487e+08;1.57262e+08;1.41059e+08;
View002;;0;1.57164e+08;1.41648e+08;1.54318e+08;1.40487e+08;
View002;;0;1.57262e+08;1.41059e+08;1.57164e+08;1.41648e+08;
View002;;0;1.5422e+08;1.41076e+08;1.57164e+08;1.41648e+08;
View002;;0;1.5422e+08;1.41076e+08;1.54318e+08;1.40487e+08;
View002;;0;1.57007e+08;1.42451e+08;1.5422e+08;1.41076e+08;
View002;;0;1.57164e+08;1.41648e+08;1.57007e+08;1.42451e+08;
View002;;0;1.54064e+08;1.41879e+08;1.57007e+08;1.42451e+08;
View002;;0;1.54064e+08;1.41879e+08;1.5422e+08;1.41076e+08;
View002;;0;1.56883e+08;1.42999e+08;1.54064e+08;1.41879e+08;
View002;;0;1.57007e+08;1.42451e+08;1.56883e+08;1.42999e+08;
View002;;0;1.53939e+08;1.42427e+08;1.56883e+08;1.42999e+08;
View002;;0;1.53939e+08;1.42427e+08;1.54064e+08;1.41879e+08;
View002;;0;1.56883e+08;1.42999e+08;1.57176e+08;1.43132e+08;
View002;;0;1.57007e+08;1.42451e+08;1.57203e+08;1.43132e+08;
View002;;0;1.57007e+08;1.42451e+08;1.57577e+08;1.42711e+08;
View002;;0;1.57164e+08;1.41648e+08;1.57577e+08;1.42711e+08;
View002;;0;1.57164e+08;1.41648e+08;1.58082e+08;1.42066e+08;
View002;;0;1.57262e+08;1.41059e+08;1.58082e+08;1.42066e+08;
View002;;0;1.57262e+08;1.41059e+08;1.58425e+08;1.4159e+08;
View002;;0;1.57243e+08;1.4103e+08;1.58425e+08;1.4159e+08;
View002;;0;1.57243e+08;1.4103e+08;1.58407e+08;1.41561e+08;
View002;;0;1.53583e+08;1.42442e+08;1.54064e+08;1.41879e+08;
View002;;0;1.53583e+08;1.42442e+08;1.53437e+08;1.41906e+08;
View002;;0;1.53437e+08;1.41906e+08;1.54064e+08;1.41879e+08;
View002;;0;1.53437e+08;1.41906e+08;1.5422e+08;1.41076e+08;
View002;;0;1.53437e+08;1.41906e+08;1.53212e+08;1.4112e+08;
View002;;0;1.53212e+08;1.4112e+08;1.5422e+08;1.41076e+08;
View002;;0;1.53212e+08;1.4112e+08;1.54318e+08;1.40487e+08;
View002;;0;1.53212e+08;1.4112e+08;1.5304e+08;1.40543e+08;
View002;;0;1.5304e+08;1.40543e+08;1.54318e+08;1.40487e+08;
View002;;0;1.53022e+08;1.40514e+08;1.54318e+08;1.40487e+08;
View002;;0;1.53022e+08;1.40514e+08;1.543e+08;1.40458e+08;
View002;;0;1.5666e+08;1.58347e+08;1.53688e+08;1.58719e+08;
View002;;0;1.55262e+08;1.58482e+08;1.5666e+08;1.58347e+08;
View002;;0;1.53688e+08;1.58719e+08;1.53659e+08;1.58676e+08;
View002;;0;1.56635e+08;1.5831e+08;1.5666e+08;1.58347e+08;
View002;;0;1.5242e+08;1.58578e+08;1.49611e+08;1.57565e+08;
View002;;0;1.50573e+08;1.57873e+08;1.5242e+08;1.58578e+08;
View002;;0;1.49611e+08;1.57565e+08;1.49564e+08;1.57496e+08;
View002;;0;1.52385e+08;1.58527e+08;1.5242e+08;1.58578e+08;
View002;;0;1.48549e+08;1.56865e+08;1.47865e+08;1.56132e+08;
View002;;0;1.47872e+08;1.56132e+08;1.48549e+08;1.56865e+08;
View002;;0;1.48495e+08;1.56785e+08;1.48549e+08;1.56865e+08;
View002;;0;1.48495e+08;1.56785e+08;1.47885e+08;1.56132e+08;
View002;;0;1.48502e+08;1.56777e+08;1.48495e+08;1.56785e+08;
View002;;0;1.48533e+08;1.5681e+08;1.48495e+08;1.56785e+08;
View002;;0;1.49611e+08;1.57565e+08;1.48642e+08;1.56888e+08;
View002;;0;1.48537e+08;1.56814e+08;1.48495e+08;1.56785e+08;
View002;;0;1.49611e+08;1.57565e+08;1.48549e+08;1.56865e+08;
View002;;0;1.53688e+08;1.58719e+08;1.52981e+08;1.58601e+08;
View002;;0;1.53688e+08;1.58719e+08;1.5242e+08;1.58578e+08;
View002;;0;1.57843e+08;1.57877e+08;1.57347e+08;1.58033e+08;
View002;;0;1.57843e+08;1.57877e+08;1.5666e+08;1.58347e+08;
View002;;0;1.53212e+08;1.4112e+08;1.51463e+08;1.41621e+08;
View002;;0;1.51463e+08;1.41621e+08;1.5304e+08;1.40543e+08;
View002;;0;1.51463e+08;1.41621e+08;1.51203e+08;1.4107e+08;
View002;;0;1.53437e+08;1.41906e+08;1.51813e+08;1.42372e+08;
View002;;0;1.51813e+08;1.42372e+08;1.53212e+08;1.4112e+08;
View002;;0;1.51813e+08;1.42372e+08;1.51463e+08;1.41621e+08;
View002;;0;1.53583e+08;1.42442e+08;1.52047e+08;1.42883e+08;
View002;;0;1.52047e+08;1.42883e+08;1.53437e+08;1.41906e+08;
View002;;0;1.52047e+08;1.42883e+08;1.51813e+08;1.42372e+08;
View002;;0;1.50276e+08;1.4145e+08;1.51184e+08;1.41041e+08;
View002;;0;1.51203e+08;1.4107e+08;1.50276e+08;1.4145e+08;
View002;;0;1.50494e+08;1.41909e+08;1.51203e+08;1.4107e+08;
View002;;0;1.51463e+08;1.41621e+08;1.50494e+08;1.41909e+08;
View002;;0;1.50838e+08;1.42646e+08;1.51463e+08;1.41621e+08;
View002;;0;1.51813e+08;1.42372e+08;1.50838e+08;1.42646e+08;
View002;;0;1.51187e+08;1.43132e+08;1.51813e+08;1.42372e+08;
View002;;0;1.52047e+08;1.42883e+08;1.5137e+08;1.43132e+08;
View002;;0;1.52047e+08;1.42883e+08;1.51528e+08;1.43132e+08;
View002;;0;1.53586e+08;1.42482e+08;1.53942e+08;1.42467e+08;
View002;;0;1.60334e+08;1.5624e+08;1.57846e+08;1.57916e+08;
View002;;0;1.60315e+08;1.56211e+08;1.60334e+08;1.5624e+08;
View002;;0;1.57846e+08;1.57916e+08;1.57981e+08;1.57784e+08;
View002;;0;1.57846e+08;1.57916e+08;1.57824e+08;1.57884e+08;
View002;;0;1.60432e+08;1.56132e+08;1.60334e+08;1.5624e+08;
View002;;0;1.56886e+08;1.43039e+08;1.56693e+08;1.42962e+08;
View002;;0;1.56894e+08;1.43004e+08;1.56886e+08;1.43039e+08;
View002;;0;1.53942e+08;1.42467e+08;1.56886e+08;1.43039e+08;
View002;;0;1.53942e+08;1.42467e+08;1.53951e+08;1.42429e+08;
View002;;0;1.56886e+08;1.43039e+08;1.57092e+08;1.43132e+08;
View002;;0;1.53586e+08;1.42482e+08;1.53621e+08;1.42441e+08;
View002;;0;1.53586e+08;1.42482e+08;1.53576e+08;1.42445e+08;
View002;;0;1.56663e+08;1.58386e+08;1.53691e+08;1.58758e+08;
View002;;0;1.55265e+08;1.58521e+08;1.56663e+08;1.58386e+08;
View002;;0;1.53691e+08;1.58758e+08;1.53662e+08;1.58716e+08;
View002;;0;1.56638e+08;1.58349e+08;1.56663e+08;1.58386e+08;
View002;;0;1.52423e+08;1.58618e+08;1.49614e+08;1.57604e+08;
View002;;0;1.50575e+08;1.57913e+08;1.52423e+08;1.58618e+08;
View002;;0;1.49614e+08;1.57604e+08;1.49566e+08;1.57535e+08;
View002;;0;1.52388e+08;1.58566e+08;1.52423e+08;1.58618e+08;
View002;;0;1.48552e+08;1.56905e+08;1.47831e+08;1.56132e+08;
View002;;0;1.47838e+08;1.56132e+08;1.48552e+08;1.56905e+08;
View002;;0;1.48497e+08;1.56825e+08;1.48552e+08;1.56905e+08;
View002;;0;1.48497e+08;1.56825e+08;1.47851e+08;1.56132e+08;
View002;;0;1.48504e+08;1.56817e+08;1.48497e+08;1.56825e+08;
View002;;0;1.48535e+08;1.5685e+08;1.48497e+08;1.56825e+08;
View002;;0;1.49614e+08;1.57604e+08;1.48645e+08;1.56928e+08;
View002;;0;1.48539e+08;1.56854e+08;1.48497e+08;1.56825e+08;
View002;;0;1.49614e+08;1.57604e+08;1.48552e+08;1.56905e+08;
View002;;0;1.53691e+08;1.58758e+08;1.52984e+08;1.58641e+08;
View002;;0;1.53691e+08;1.58758e+08;1.52423e+08;1.58618e+08;
View002;;0;1.57846e+08;1.57916e+08;1.5735e+08;1.58073e+08;
View002;;0;1.57846e+08;1.57916e+08;1.56663e+08;1.58386e+08;
View002;;0;1.53586e+08;1.42482e+08;1.5205e+08;1.42922e+08;
View002;;0;1.5205e+08;1.42922e+08;1.52147e+08;1.42854e+08;
View002;;0;1.5205e+08;1.42922e+08;1.52035e+08;1.42889e+08;
View002;;0;1.53589e+08;1.42522e+08;1.53945e+08;1.42506e+08;
View002;;0;1.60336e+08;1.5628e+08;1.57849e+08;1.57956e+08;
View002;;0;1.60317e+08;1.56251e+08;1.60336e+08;1.5628e+08;
View002;;0;1.57849e+08;1.57956e+08;1.57984e+08;1.57824e+08;
View002;;0;1.57849e+08;1.57956e+08;1.57827e+08;1.57924e+08;
View002;;0;1.60471e+08;1.56132e+08;1.60336e+08;1.5628e+08;
View002;;0;1.56888e+08;1.43078e+08;1.56695e+08;1.43002e+08;
View002;;0;1.56896e+08;1.43043e+08;1.56888e+08;1.43078e+08;
View002;;0;1.53945e+08;1.42506e+08;1.56888e+08;1.43078e+08;
View002;;0;1.53945e+08;1.42506e+08;1.53953e+08;1.42469e+08;
View002;;0;1.56888e+08;1.43078e+08;1.57007e+08;1.43132e+08;
View002;;0;1.53589e+08;1.42522e+08;1.53624e+08;1.4248e+08;
View002;;0;1.53589e+08;1.42522e+08;1.53578e+08;1.42484e+08;
View002;;0;1.56666e+08;1.58426e+08;1.53693e+08;1.58798e+08;
View002;;0;1.55267e+08;1.58561e+08;1.56666e+08;1.58426e+08;
View002;;0;1.53693e+08;1.58798e+08;1.53664e+08;1.58755e+08;
View002;;0;1.5664e+08;1.58389e+08;1.56666e+08;1.58426e+08;
View002;;0;1.52425e+08;1.58657e+08;1.49616e+08;1.57644e+08;
View002;;0;1.50578e+08;1.57952e+08;1.52425e+08;1.58657e+08;
View002;;0;1.49616e+08;1.57644e+08;1.49569e+08;1.57575e+08;
View002;;0;1.5239e+08;1.58606e+08;1.52425e+08;1.58657e+08;
View002;;0;1.48554e+08;1.56944e+08;1.47797e+08;1.56132e+08;
View002;;0;1.47804e+08;1.56132e+08;1.48554e+08;1.56944e+08;
View002;;0;1.485e+08;1.56864e+08;1.48554e+08;1.56944e+08;
View002;;0;1.485e+08;1.56864e+08;1.47816e+08;1.56132e+08;
View002;;0;1.48507e+08;1.56856e+08;1.485e+08;1.56864e+08;
View002;;0;1.48538e+08;1.5689e+08;1.485e+08;1.56864e+08;
View002;;0;1.49616e+08;1.57644e+08;1.48647e+08;1.56968e+08;
View002;;0;1.48542e+08;1.56894e+08;1.485e+08;1.56864e+08;
View002;;0;1.49616e+08;1.57644e+08;1.48554e+08;1.56944e+08;
View002;;0;1.53693e+08;1.58798e+08;1.52986e+08;1.5868e+08;
View002;;0;1.53693e+08;1.58798e+08;1.52425e+08;1.58657e+08;
View002;;0;1.57849e+08;1.57956e+08;1.57352e+08;1.58113e+08;
View002;;0;1.57849e+08;1.57956e+08;1.56666e+08;1.58426e+08;
View002;;0;1.53589e+08;1.42522e+08;1.52053e+08;1.42962e+08;
View002;;0;1.52053e+08;1.42962e+08;1.5215e+08;1.42894e+08;
View002;;0;1.52053e+08;1.42962e+08;1.52037e+08;1.42928e+08;
View002;;0;1.52053e+08;1.42962e+08;1.51689e+08;1.43096e+08;
View002;;0;1.52053e+08;1.42962e+08;1.51698e+08;1.43132e+08;
View002;;0;1.5205e+08;1.42922e+08;1.51686e+08;1.43056e+08;
View002;;0;1.5205e+08;1.42922e+08;1.51613e+08;1.43132e+08;
View002;;0;1.53591e+08;1.42561e+08;1.53947e+08;1.42546e+08;
View002;;0;1.60339e+08;1.56319e+08;1.57851e+08;1.57996e+08;
View002;;0;1.6032e+08;1.56291e+08;1.60339e+08;1.56319e+08;
View002;;0;1.57851e+08;1.57996e+08;1.57986e+08;1.57863e+08;
View002;;0;1.57851e+08;1.57996e+08;1.5783e+08;1.57964e+08;
View002;;0;1.6051e+08;1.56132e+08;1.60339e+08;1.56319e+08;
View002;;0;1.56891e+08;1.43118e+08;1.56698e+08;1.43041e+08;
View002;;0;1.56899e+08;1.43083e+08;1.56891e+08;1.43118e+08;
View002;;0;1.53947e+08;1.42546e+08;1.56891e+08;1.43118e+08;
View002;;0;1.53947e+08;1.42546e+08;1.53956e+08;1.42508e+08;
View002;;0;1.56891e+08;1.43118e+08;1.56923e+08;1.43132e+08;
View002;;0;1.53591e+08;1.42561e+08;1.53626e+08;1.4252e+08;
View002;;0;1.53591e+08;1.42561e+08;1.53581e+08;1.42524e+08;
View002;;0;1.56668e+08;1.58466e+08;1.53696e+08;1.58838e+08;
View002;;0;1.5527e+08;1.58601e+08;1.56668e+08;1.58466e+08;
View002;;0;1.53696e+08;1.58838e+08;1.53667e+08;1.58795e+08;
View002;;0;1.56643e+08;1.58429e+08;1.56668e+08;1.58466e+08;
View002;;0;1.52428e+08;1.58697e+08;1.49619e+08;1.57684e+08;
View002;;0;1.50581e+08;1.57992e+08;1.52428e+08;1.58697e+08;
View002;;0;1.49619e+08;1.57684e+08;1.49572e+08;1.57615e+08;
View002;;0;1.52393e+08;1.58646e+08;1.52428e+08;1.58697e+08;
View002;;0;1.48557e+08;1.56984e+08;1.47762e+08;1.56132e+08;
View002;;0;1.4777e+08;1.56132e+08;1.48557e+08;1.56984e+08;
View002;;0;1.48502e+08;1.56904e+08;1.48557e+08;1.56984e+08;
View002;;0;1.48502e+08;1.56904e+08;1.47782e+08;1.56132e+08;
View002;;0;1.48509e+08;1.56896e+08;1.48502e+08;1.56904e+08;
View002;;0;1.4854e+08;1.56929e+08;1.48502e+08;1.56904e+08;
View002;;0;1.49619e+08;1.57684e+08;1.4865e+08;1.57007e+08;
View002;;0;1.48544e+08;1.56933e+08;1.48502e+08;1.56904e+08;
View002;;0;1.49619e+08;1.57684e+08;1.48557e+08;1.56984e+08;
View002;;0;1.53696e+08;1.58838e+08;1.52989e+08;1.5872e+08;
View002;;0;1.53696e+08;1.58838e+08;1.52428e+08;1.58697e+08;
View002;;0;1.57851e+08;1.57996e+08;1.57355e+08;1.58152e+08;
View002;;0;1.57851e+08;1.57996e+08;1.56668e+08;1.58466e+08;
View002;;0;1.53591e+08;1.42561e+08;1.52055e+08;1.43002e+08;
View002;;0;1.52055e+08;1.43002e+08;1.52152e+08;1.42933e+08;
View002;;0;1.52055e+08;1.43002e+08;1.5204e+08;1.42968e+08;
View002;;0;1.53594e+08;1.42601e+08;1.5395e+08;1.42586e+08;
View002;;0;1.60342e+08;1.56359e+08;1.57854e+08;1.58035e+08;
View002;;0;1.60322e+08;1.5633e+08;1.60342e+08;1.56359e+08;
View002;;0;1.57854e+08;1.58035e+08;1.57989e+08;1.57903e+08;
View002;;0;1.57854e+08;1.58035e+08;1.57832e+08;1.58003e+08;
View002;;0;1.60549e+08;1.56132e+08;1.60342e+08;1.56359e+08;
View002;;0;1.5683e+08;1.43132e+08;1.567e+08;1.43081e+08;
View002;;0;1.56901e+08;1.43123e+08;1.56899e+08;1.43132e+08;
View002;;0;1.5395e+08;1.42586e+08;1.56764e+08;1.43132e+08;
View002;;0;1.5395e+08;1.42586e+08;1.53958e+08;1.42548e+08;
View002;;0;1.53594e+08;1.42601e+08;1.53629e+08;1.4256e+08;
View002;;0;1.53594e+08;1.42601e+08;1.53584e+08;1.42564e+08;
View002;;0;1.56671e+08;1.58505e+08;1.53699e+08;1.58877e+08;
View002;;0;1.55273e+08;1.5864e+08;1.56671e+08;1.58505e+08;
View002;;0;1.53699e+08;1.58877e+08;1.53669e+08;1.58835e+08;
View002;;0;1.56646e+08;1.58468e+08;1.56671e+08;1.58505e+08;
View002;;0;1.52431e+08;1.58737e+08;1.49622e+08;1.57723e+08;
View002;;0;1.50583e+08;1.58032e+08;1.52431e+08;1.58737e+08;
View002;;0;1.49622e+08;1.57723e+08;1.49574e+08;1.57654e+08;
View002;;0;1.52395e+08;1.58685e+08;1.52431e+08;1.58737e+08;
View002;;0;1.4856e+08;1.57024e+08;1.47728e+08;1.56132e+08;
View002;;0;1.47735e+08;1.56132e+08;1.4856e+08;1.57024e+08;
View002;;0;1.48505e+08;1.56944e+08;1.4856e+08;1.57024e+08;
View002;;0;1.48505e+08;1.56944e+08;1.47747e+08;1.56132e+08;
View002;;0;1.48512e+08;1.56936e+08;1.48505e+08;1.56944e+08;
View002;;0;1.48543e+08;1.56969e+08;1.48505e+08;1.56944e+08;
View002;;0;1.49622e+08;1.57723e+08;1.48653e+08;1.57047e+08;
View002;;0;1.48547e+08;1.56973e+08;1.48505e+08;1.56944e+08;
View002;;0;1.49622e+08;1.57723e+08;1.4856e+08;1.57024e+08;
View002;;0;1.53699e+08;1.58877e+08;1.52992e+08;1.5876e+08;
View002;;0;1.53699e+08;1.58877e+08;1.52431e+08;1.58737e+08;
View002;;0;1.57854e+08;1.58035e+08;1.57357e+08;1.58192e+08;
View002;;0;1.57854e+08;1.58035e+08;1.56671e+08;1.58505e+08;
View002;;0;1.53594e+08;1.42601e+08;1.52058e+08;1.43041e+08;
View002;;0;1.52058e+08;1.43041e+08;1.52155e+08;1.42973e+08;
View002;;0;1.52058e+08;1.43041e+08;1.52042e+08;1.43008e+08;
View002;;0;1.52058e+08;1.43041e+08;1.51811e+08;1.43132e+08;
View002;;0;1.52058e+08;1.43041e+08;1.51868e+08;1.43132e+08;
View002;;0;1.52055e+08;1.43002e+08;1.517e+08;1.43132e+08;
View002;;0;1.52055e+08;1.43002e+08;1.51783e+08;1.43132e+08;
View002;;0;1.53596e+08;1.42641e+08;1.53952e+08;1.42625e+08;
View002;;0;1.60344e+08;1.56399e+08;1.57856e+08;1.58075e+08;
View002;;0;1.60325e+08;1.5637e+08;1.60344e+08;1.56399e+08;
View002;;0;1.57856e+08;1.58075e+08;1.57991e+08;1.57943e+08;
View002;;0;1.57856e+08;1.58075e+08;1.57835e+08;1.58043e+08;
View002;;0;1.60588e+08;1.56132e+08;1.60344e+08;1.56399e+08;
View002;;0;1.56733e+08;1.43132e+08;1.56703e+08;1.43121e+08;
View002;;0;1.53952e+08;1.42625e+08;1.56562e+08;1.43132e+08;
View002;;0;1.53952e+08;1.42625e+08;1.53961e+08;1.42588e+08;
View002;;0;1.53596e+08;1.42641e+08;1.53632e+08;1.42599e+08;
View002;;0;1.53596e+08;1.42641e+08;1.53586e+08;1.42603e+08;
View002;;0;1.56673e+08;1.58545e+08;1.53701e+08;1.58917e+08;
View002;;0;1.55275e+08;1.5868e+08;1.56673e+08;1.58545e+08;
View002;;0;1.53701e+08;1.58917e+08;1.53672e+08;1.58874e+08;
View002;;0;1.56648e+08;1.58508e+08;1.56673e+08;1.58545e+08;
View002;;0;1.52433e+08;1.58776e+08;1.49624e+08;1.57763e+08;
View002;;0;1.50586e+08;1.58071e+08;1.52433e+08;1.58776e+08;
View002;;0;1.49624e+08;1.57763e+08;1.49577e+08;1.57694e+08;
View002;;0;1.52398e+08;1.58725e+08;1.52433e+08;1.58776e+08;
View002;;0;1.48562e+08;1.57063e+08;1.47693e+08;1.56132e+08;
View002;;0;1.47701e+08;1.56132e+08;1.48562e+08;1.57063e+08;
View002;;0;1.48508e+08;1.56983e+08;1.48562e+08;1.57063e+08;
View002;;0;1.48508e+08;1.56983e+08;1.47713e+08;1.56132e+08;
View002;;0;1.48515e+08;1.56975e+08;1.48508e+08;1.56983e+08;
View002;;0;1.48546e+08;1.57009e+08;1.48508e+08;1.56983e+08;
View002;;0;1.49624e+08;1.57763e+08;1.48655e+08;1.57087e+08;
View002;;0;1.4855e+08;1.57013e+08;1.48508e+08;1.56983e+08;
View002;;0;1.49624e+08;1.57763e+08;1.48562e+08;1.57063e+08;
View002;;0;1.53701e+08;1.58917e+08;1.52994e+08;1.58799e+08;
View002;;0;1.53701e+08;1.58917e+08;1.52433e+08;1.58776e+08;
View002;;0;1.57856e+08;1.58075e+08;1.5736e+08;1.58232e+08;
View002;;0;1.57856e+08;1.58075e+08;1.56673e+08;1.58545e+08;
View002;;0;1.53596e+08;1.42641e+08;1.5206e+08;1.43081e+08;
View002;;0;1.5206e+08;1.43081e+08;1.52158e+08;1.43013e+08;
View002;;0;1.5206e+08;1.43081e+08;1.52045e+08;1.43047e+08;
View002;;0;1.53599e+08;1.4268e+08;1.53955e+08;1.42665e+08;
View002;;0;1.60347e+08;1.56438e+08;1.57859e+08;1.58115e+08;
View002;;0;1.60328e+08;1.5641e+08;1.60347e+08;1.56438e+08;
View002;;0;1.57859e+08;1.58115e+08;1.57994e+08;1.57982e+08;
View002;;0;1.57859e+08;1.58115e+08;1.57837e+08;1.58083e+08;
View002;;0;1.60627e+08;1.56132e+08;1.60347e+08;1.56438e+08;
View002;;0;1.53955e+08;1.42665e+08;1.56361e+08;1.43132e+08;
View002;;0;1.53955e+08;1.42665e+08;1.53964e+08;1.42627e+08;
View002;;0;1.53599e+08;1.4268e+08;1.53634e+08;1.42639e+08;
View002;;0;1.53599e+08;1.4268e+08;1.53589e+08;1.42643e+08;
View002;;0;1.56676e+08;1.58585e+08;1.53704e+08;1.58957e+08;
View002;;0;1.55278e+08;1.5872e+08;1.56676e+08;1.58585e+08;
View002;;0;1.53704e+08;1.58957e+08;1.53674e+08;1.58914e+08;
View002;;0;1.56651e+08;1.58548e+08;1.56676e+08;1.58585e+08;
View002;;0;1.52436e+08;1.58816e+08;1.49627e+08;1.57803e+08;
View002;;0;1.50588e+08;1.58111e+08;1.52436e+08;1.58816e+08;
View002;;0;1.49627e+08;1.57803e+08;1.49579e+08;1.57734e+08;
View002;;0;1.524e+08;1.58765e+08;1.52436e+08;1.58816e+08;
View002;;0;1.48565e+08;1.57103e+08;1.47659e+08;1.56132e+08;
View002;;0;1.47667e+08;1.56132e+08;1.48565e+08;1.57103e+08;
View002;;0;1.4851e+08;1.57023e+08;1.48565e+08;1.57103e+08;
View002;;0;1.4851e+08;1.57023e+08;1.47679e+08;1.56132e+08;
View002;;0;1.48517e+08;1.57015e+08;1.4851e+08;1.57023e+08;
View002;;0;1.48548e+08;1.57048e+08;1.4851e+08;1.57023e+08;
View002;;0;1.49627e+08;1.57803e+08;1.48658e+08;1.57126e+08;
View002;;0;1.48552e+08;1.57052e+08;1.4851e+08;1.57023e+08;
View002;;0;1.49627e+08;1.57803e+08;1.48565e+08;1.57103e+08;
View002;;0;1.53704e+08;1.58957e+08;1.52997e+08;1.58839e+08;
View002;;0;1.53704e+08;1.58957e+08;1.52436e+08;1.58816e+08;
View002;;0;1.57859e+08;1.58115e+08;1.57362e+08;1.58271e+08;
View002;;0;1.57859e+08;1.58115e+08;1.56676e+08;1.58585e+08;
View002;;0;1.53599e+08;1.4268e+08;1.52063e+08;1.43121e+08;
View002;;0;1.52063e+08;1.43121e+08;1.5216e+08;1.43052e+08;
View002;;0;1.52063e+08;1.43121e+08;1.52048e+08;1.43087e+08;
View002;;0;1.52063e+08;1.43121e+08;1.52031e+08;1.43132e+08;
View002;;0;1.52063e+08;1.43121e+08;1.52038e+08;1.43132e+08;
View002;;0;1.53352e+08;1.42836e+08;1.53708e+08;1.42821e+08;
View002;;0;1.57821e+08;1.5813e+08;1.57612e+08;1.58271e+08;
View002;;0;1.57612e+08;1.58271e+08;1.57711e+08;1.58174e+08;
View002;;0;1.57612e+08;1.58271e+08;1.57581e+08;1.58225e+08;
View002;;0;1.55995e+08;1.43132e+08;1.55645e+08;1.42993e+08;
View002;;0;1.53708e+08;1.42821e+08;1.55311e+08;1.43132e+08;
View002;;0;1.53708e+08;1.42821e+08;1.53741e+08;1.42674e+08;
View002;;0;1.53352e+08;1.42836e+08;1.53448e+08;1.42724e+08;
View002;;0;1.53352e+08;1.42836e+08;1.5333e+08;1.42757e+08;
View002;;0;1.56429e+08;1.58741e+08;1.53457e+08;1.59113e+08;
View002;;0;1.53402e+08;1.59033e+08;1.56429e+08;1.58741e+08;
View002;;0;1.53457e+08;1.59113e+08;1.53402e+08;1.59033e+08;
View002;;0;1.56374e+08;1.58661e+08;1.56429e+08;1.58741e+08;
View002;;0;1.56374e+08;1.58661e+08;1.53402e+08;1.59033e+08;
View002;;0;1.56368e+08;1.58623e+08;1.56374e+08;1.58661e+08;
View002;;0;1.53402e+08;1.59033e+08;1.53641e+08;1.5895e+08;
View002;;0;1.53402e+08;1.59033e+08;1.53383e+08;1.58921e+08;
View002;;0;1.52189e+08;1.58972e+08;1.4938e+08;1.57959e+08;
View002;;0;1.49325e+08;1.57879e+08;1.52189e+08;1.58972e+08;
View002;;0;1.4938e+08;1.57959e+08;1.49325e+08;1.57879e+08;
View002;;0;1.52134e+08;1.58892e+08;1.52189e+08;1.58972e+08;
View002;;0;1.52134e+08;1.58892e+08;1.49325e+08;1.57879e+08;
View002;;0;1.51387e+08;1.58438e+08;1.52134e+08;1.58892e+08;
View002;;0;1.49325e+08;1.57879e+08;1.49388e+08;1.57645e+08;
View002;;0;1.52179e+08;1.58724e+08;1.52134e+08;1.58892e+08;
View002;;0;1.48318e+08;1.57259e+08;1.47266e+08;1.56132e+08;
View002;;0;1.47276e+08;1.56132e+08;1.48318e+08;1.57259e+08;
View002;;0;1.48263e+08;1.57179e+08;1.48318e+08;1.57259e+08;
View002;;0;1.48263e+08;1.57179e+08;1.47286e+08;1.56132e+08;
View002;;0;1.48441e+08;1.56971e+08;1.48263e+08;1.57179e+08;
View002;;0;1.49325e+08;1.57879e+08;1.49061e+08;1.5743e+08;
View002;;0;1.49325e+08;1.57879e+08;1.48263e+08;1.57179e+08;
View002;;0;1.4938e+08;1.57959e+08;1.48263e+08;1.57179e+08;
View002;;0;1.4938e+08;1.57959e+08;1.48318e+08;1.57259e+08;
View002;;0;1.53402e+08;1.59033e+08;1.53205e+08;1.58901e+08;
View002;;0;1.53402e+08;1.59033e+08;1.52134e+08;1.58892e+08;
View002;;0;1.53457e+08;1.59113e+08;1.52134e+08;1.58892e+08;
View002;;0;1.53457e+08;1.59113e+08;1.52189e+08;1.58972e+08;
View002;;0;1.56374e+08;1.58661e+08;1.56423e+08;1.58616e+08;
View002;;0;1.57612e+08;1.58271e+08;1.56906e+08;1.58493e+08;
View002;;0;1.56577e+08;1.58597e+08;1.56374e+08;1.58661e+08;
View002;;0;1.57612e+08;1.58271e+08;1.56429e+08;1.58741e+08;
View002;;0;1.53352e+08;1.42836e+08;1.52319e+08;1.43132e+08;
View002;;0;1.53354e+08;1.42876e+08;1.5371e+08;1.42861e+08;
View002;;0;1.60102e+08;1.56634e+08;1.57614e+08;1.5831e+08;
View002;;0;1.60088e+08;1.56613e+08;1.60102e+08;1.56634e+08;
View002;;0;1.57614e+08;1.5831e+08;1.57749e+08;1.58178e+08;
View002;;0;1.57614e+08;1.5831e+08;1.57593e+08;1.58278e+08;
View002;;0;1.60177e+08;1.56553e+08;1.60102e+08;1.56634e+08;
View002;;0;1.5371e+08;1.42861e+08;1.55109e+08;1.43132e+08;
View002;;0;1.5371e+08;1.42861e+08;1.53719e+08;1.42823e+08;
View002;;0;1.53354e+08;1.42876e+08;1.5339e+08;1.42835e+08;
View002;;0;1.53354e+08;1.42876e+08;1.53344e+08;1.42839e+08;
View002;;0;1.56431e+08;1.5878e+08;1.53459e+08;1.59152e+08;
View002;;0;1.55033e+08;1.58915e+08;1.56431e+08;1.5878e+08;
View002;;0;1.53459e+08;1.59152e+08;1.5343e+08;1.5911e+08;
View002;;0;1.56406e+08;1.58743e+08;1.56431e+08;1.5878e+08;
View002;;0;1.52191e+08;1.59012e+08;1.49382e+08;1.57999e+08;
View002;;0;1.50344e+08;1.58307e+08;1.52191e+08;1.59012e+08;
View002;;0;1.49382e+08;1.57999e+08;1.49335e+08;1.57929e+08;
View002;;0;1.52156e+08;1.5896e+08;1.52191e+08;1.59012e+08;
View002;;0;1.4832e+08;1.57299e+08;1.47231e+08;1.56132e+08;
View002;;0;1.47242e+08;1.56132e+08;1.4832e+08;1.57299e+08;
View002;;0;1.48266e+08;1.57219e+08;1.4832e+08;1.57299e+08;
View002;;0;1.48266e+08;1.57219e+08;1.47251e+08;1.56132e+08;
View002;;0;1.48273e+08;1.57211e+08;1.48266e+08;1.57219e+08;
View002;;0;1.50565e+08;1.4132e+08;1.50698e+08;1.41193e+08;
View002;;0;1.50698e+08;1.41193e+08;1.50733e+08;1.41244e+08;
View002;;0;1.49634e+08;1.4175e+08;1.4976e+08;1.41592e+08;
View002;;0;1.50608e+08;1.4106e+08;1.50698e+08;1.41193e+08;
View002;;0;1.49146e+08;1.41978e+08;1.4915e+08;1.41974e+08;
View002;;0;1.48304e+08;1.57244e+08;1.48266e+08;1.57219e+08;
View002;;0;1.49382e+08;1.57999e+08;1.48413e+08;1.57322e+08;
View002;;0;1.48308e+08;1.57248e+08;1.48266e+08;1.57219e+08;
View002;;0;1.49382e+08;1.57999e+08;1.4832e+08;1.57299e+08;
View002;;0;1.53459e+08;1.59152e+08;1.52752e+08;1.59035e+08;
View002;;0;1.53459e+08;1.59152e+08;1.52191e+08;1.59012e+08;
View002;;0;1.57614e+08;1.5831e+08;1.57118e+08;1.58467e+08;
View002;;0;1.57614e+08;1.5831e+08;1.56431e+08;1.5878e+08;
View002;;0;1.53354e+08;1.42876e+08;1.5246e+08;1.43132e+08;
View002;;0;1.5206e+08;1.43081e+08;1.51921e+08;1.43132e+08;
View002;;0;1.5206e+08;1.43081e+08;1.51953e+08;1.43132e+08;
View002;;0;1.50581e+08;1.40737e+08;1.48608e+08;1.4209e+08;
View002;;0;1.48608e+08;1.4209e+08;1.48367e+08;1.42123e+08;
View002;;0;1.48367e+08;1.42123e+08;1.50581e+08;1.40737e+08;
View002;;0;1.50616e+08;1.40832e+08;1.50581e+08;1.40737e+08;
View002;;0;1.50616e+08;1.40832e+08;1.48608e+08;1.4209e+08;
View002;;0;1.61056e+08;1.43132e+08;1.59751e+08;1.42052e+08;
View002;;0;1.59751e+08;1.42052e+08;1.60185e+08;1.41599e+08;
View002;;0;1.60185e+08;1.41599e+08;1.61201e+08;1.42756e+08;
View002;;0;1.59751e+08;1.42052e+08;1.607e+08;1.43132e+08;
View002;;0;1.59785e+08;1.42147e+08;1.60668e+08;1.43132e+08;
View002;;0;1.60651e+08;1.43132e+08;1.59785e+08;1.42147e+08;
View002;;0;1.59785e+08;1.42147e+08;1.59751e+08;1.42052e+08;
View002;;0;1.60854e+08;1.41077e+08;1.61383e+08;1.42028e+08;
View002;;0;1.60185e+08;1.41599e+08;1.60854e+08;1.41077e+08;
View002;;0;1.60854e+08;1.41077e+08;1.61461e+08;1.41768e+08;
View002;;0;1.60854e+08;1.41077e+08;1.61503e+08;1.41629e+08;
View002;;0;1.632e+08;1.43074e+08;1.63269e+08;1.43132e+08;
View002;;0;1.61336e+08;1.40758e+08;1.6167e+08;1.41138e+08;
View002;;0;1.63206e+08;1.42886e+08;1.63422e+08;1.43132e+08;
View002;;0;1.60854e+08;1.41077e+08;1.61336e+08;1.40758e+08;
View002;;0;1.55637e+08;1.40369e+08;1.59316e+08;1.41746e+08;
View002;;0;1.59316e+08;1.41746e+08;1.59351e+08;1.41841e+08;
View002;;0;1.59351e+08;1.41841e+08;1.55637e+08;1.40369e+08;
View002;;0;1.55603e+08;1.40274e+08;1.59316e+08;1.41746e+08;
View002;;0;1.55637e+08;1.40369e+08;1.55603e+08;1.40274e+08;
View002;;0;1.55603e+08;1.40274e+08;1.59508e+08;1.41122e+08;
View002;;0;1.59508e+08;1.41122e+08;1.59316e+08;1.41746e+08;
View002;;0;1.55811e+08;1.39657e+08;1.59508e+08;1.41122e+08;
View002;;0;1.55603e+08;1.40274e+08;1.55811e+08;1.39657e+08;
View002;;0;1.56171e+08;1.38891e+08;1.59508e+08;1.41122e+08;
View002;;0;1.55811e+08;1.39657e+08;1.56171e+08;1.38891e+08;
View002;;0;1.59781e+08;1.40322e+08;1.59508e+08;1.41122e+08;
View002;;0;1.56171e+08;1.38891e+08;1.59781e+08;1.40322e+08;
View002;;0;1.56171e+08;1.38891e+08;1.60021e+08;1.39832e+08;
View002;;0;1.60021e+08;1.39832e+08;1.59781e+08;1.40322e+08;
View002;;0;1.56428e+08;1.38408e+08;1.60021e+08;1.39832e+08;
View002;;0;1.56171e+08;1.38891e+08;1.56428e+08;1.38408e+08;
View002;;0;1.55075e+08;1.40198e+08;1.5511e+08;1.40293e+08;
View002;;0;1.5511e+08;1.40293e+08;1.51121e+08;1.40661e+08;
View002;;0;1.51121e+08;1.40661e+08;1.55075e+08;1.40198e+08;
View002;;0;1.51121e+08;1.40661e+08;1.51087e+08;1.40566e+08;
View002;;0;1.51087e+08;1.40566e+08;1.55075e+08;1.40198e+08;
View002;;0;1.54989e+08;1.39539e+08;1.55075e+08;1.40198e+08;
View002;;0;1.51087e+08;1.40566e+08;1.54989e+08;1.39539e+08;
View002;;0;1.51087e+08;1.40566e+08;1.5102e+08;1.39905e+08;
View002;;0;1.5102e+08;1.39905e+08;1.54989e+08;1.39539e+08;
View002;;0;1.54869e+08;1.38704e+08;1.54989e+08;1.39539e+08;
View002;;0;1.5102e+08;1.39905e+08;1.54869e+08;1.38704e+08;
View002;;0;1.5102e+08;1.39905e+08;1.50991e+08;1.39062e+08;
View002;;0;1.50991e+08;1.39062e+08;1.54869e+08;1.38704e+08;
View002;;0;1.54831e+08;1.38179e+08;1.54869e+08;1.38704e+08;
View002;;0;1.50991e+08;1.39062e+08;1.54831e+08;1.38179e+08;
View002;;0;1.50991e+08;1.39062e+08;1.50972e+08;1.38535e+08;
View002;;0;1.50972e+08;1.38535e+08;1.54831e+08;1.38179e+08;
View002;;0;1.50616e+08;1.40832e+08;1.51121e+08;1.40661e+08;
View002;;0;1.51121e+08;1.40661e+08;1.50581e+08;1.40737e+08;
View002;;0;1.50581e+08;1.40737e+08;1.51087e+08;1.40566e+08;
View002;;0;1.50581e+08;1.40737e+08;1.5102e+08;1.39905e+08;
View002;;0;1.50581e+08;1.40737e+08;1.50232e+08;1.40171e+08;
View002;;0;1.50232e+08;1.40171e+08;1.5102e+08;1.39905e+08;
View002;;0;1.50232e+08;1.40171e+08;1.50991e+08;1.39062e+08;
View002;;0;1.50232e+08;1.40171e+08;1.49743e+08;1.39484e+08;
View002;;0;1.49743e+08;1.39484e+08;1.50991e+08;1.39062e+08;
View002;;0;1.49743e+08;1.39484e+08;1.50972e+08;1.38535e+08;
View002;;0;1.49743e+08;1.39484e+08;1.49441e+08;1.39052e+08;
View002;;0;1.49441e+08;1.39052e+08;1.50972e+08;1.38535e+08;
View002;;0;1.5511e+08;1.40293e+08;1.55637e+08;1.40369e+08;
View002;;0;1.55637e+08;1.40369e+08;1.55075e+08;1.40198e+08;
View002;;0;1.55075e+08;1.40198e+08;1.55603e+08;1.40274e+08;
View002;;0;1.55603e+08;1.40274e+08;1.54989e+08;1.39539e+08;
View002;;0;1.54989e+08;1.39539e+08;1.55811e+08;1.39657e+08;
View002;;0;1.54989e+08;1.39539e+08;1.56171e+08;1.38891e+08;
View002;;0;1.54869e+08;1.38704e+08;1.56171e+08;1.38891e+08;
View002;;0;1.54869e+08;1.38704e+08;1.56428e+08;1.38408e+08;
View002;;0;1.54831e+08;1.38179e+08;1.56428e+08;1.38408e+08;
View002;;0;1.59351e+08;1.41841e+08;1.59785e+08;1.42147e+08;
View002;;0;1.59785e+08;1.42147e+08;1.59316e+08;1.41746e+08;
View002;;0;1.59316e+08;1.41746e+08;1.59751e+08;1.42052e+08;
View002;;0;1.59751e+08;1.42052e+08;1.59508e+08;1.41122e+08;
View002;;0;1.59508e+08;1.41122e+08;1.60185e+08;1.41599e+08;
View002;;0;1.60185e+08;1.41599e+08;1.59781e+08;1.40322e+08;
View002;;0;1.59781e+08;1.40322e+08;1.60854e+08;1.41077e+08;
View002;;0;1.60854e+08;1.41077e+08;1.60021e+08;1.39832e+08;
View002;;0;1.60021e+08;1.39832e+08;1.61336e+08;1.40758e+08;
View002;;0;1.60899e+08;1.56132e+08;1.59922e+08;1.57297e+08;
View002;;0;1.61285e+08;1.56132e+08;1.60369e+08;1.57581e+08;
View002;;0;1.60369e+08;1.57581e+08;1.59922e+08;1.57297e+08;
View002;;0;1.6159e+08;1.56132e+08;1.60369e+08;1.57581e+08;
View002;;0;1.62249e+08;1.56132e+08;1.60369e+08;1.57581e+08;
View002;;0;1.61039e+08;1.58089e+08;1.60369e+08;1.57581e+08;
View002;;0;1.62691e+08;1.56132e+08;1.61039e+08;1.58089e+08;
View002;;0;1.63371e+08;1.56132e+08;1.61039e+08;1.58089e+08;
View002;;0;1.63555e+08;1.56132e+08;1.61532e+08;1.58543e+08;
View002;;0;1.61532e+08;1.58543e+08;1.61039e+08;1.58089e+08;
View002;;0;1.63652e+08;1.56132e+08;1.61532e+08;1.58543e+08;
View002;;0;1.61512e+08;1.58699e+08;1.61532e+08;1.58543e+08;
View002;;0;1.63669e+08;1.56132e+08;1.61512e+08;1.58699e+08;
View002;;0;1.56671e+08;1.6113e+08;1.60062e+08;1.59056e+08;
View002;;0;1.60062e+08;1.59056e+08;1.60273e+08;1.59589e+08;
View002;;0;1.60273e+08;1.59589e+08;1.56671e+08;1.6113e+08;
View002;;0;1.56671e+08;1.6113e+08;1.56441e+08;1.60604e+08;
View002;;0;1.60062e+08;1.59056e+08;1.56441e+08;1.60604e+08;
View002;;0;1.56065e+08;1.59843e+08;1.59531e+08;1.57683e+08;
View002;;0;1.59531e+08;1.57683e+08;1.5979e+08;1.58251e+08;
View002;;0;1.5979e+08;1.58251e+08;1.56065e+08;1.59843e+08;
View002;;0;1.56065e+08;1.59843e+08;1.55808e+08;1.59275e+08;
View002;;0;1.59531e+08;1.57683e+08;1.55808e+08;1.59275e+08;
View002;;0;1.59435e+08;1.57687e+08;1.55808e+08;1.59275e+08;
View002;;0;1.55808e+08;1.59275e+08;1.55788e+08;1.59245e+08;
View002;;0;1.55788e+08;1.59245e+08;1.59435e+08;1.57687e+08;
View002;;0;1.59435e+08;1.57687e+08;1.59531e+08;1.57683e+08;
View002;;0;1.60062e+08;1.59056e+08;1.56065e+08;1.59843e+08;
View002;;0;1.5979e+08;1.58251e+08;1.60062e+08;1.59056e+08;
View002;;0;1.56441e+08;1.60604e+08;1.56065e+08;1.59843e+08;
View002;;0;1.55282e+08;1.59364e+08;1.51265e+08;1.59066e+08;
View002;;0;1.51265e+08;1.59066e+08;1.55262e+08;1.59334e+08;
View002;;0;1.55262e+08;1.59334e+08;1.55282e+08;1.59364e+08;
View002;;0;1.51285e+08;1.59096e+08;1.51265e+08;1.59066e+08;
View002;;0;1.55282e+08;1.59364e+08;1.51285e+08;1.59096e+08;
View002;;0;1.55245e+08;1.59982e+08;1.51285e+08;1.59096e+08;
View002;;0;1.55282e+08;1.59364e+08;1.55245e+08;1.59982e+08;
View002;;0;1.55245e+08;1.59982e+08;1.51267e+08;1.59715e+08;
View002;;0;1.51267e+08;1.59715e+08;1.51285e+08;1.59096e+08;
View002;;0;1.55141e+08;1.60825e+08;1.51267e+08;1.59715e+08;
View002;;0;1.55245e+08;1.59982e+08;1.55141e+08;1.60825e+08;
View002;;0;1.55141e+08;1.60825e+08;1.51256e+08;1.60564e+08;
View002;;0;1.51256e+08;1.60564e+08;1.51267e+08;1.59715e+08;
View002;;0;1.55078e+08;1.61401e+08;1.51256e+08;1.60564e+08;
View002;;0;1.55141e+08;1.60825e+08;1.55078e+08;1.61401e+08;
View002;;0;1.55078e+08;1.61401e+08;1.51211e+08;1.61141e+08;
View002;;0;1.51211e+08;1.61141e+08;1.51256e+08;1.60564e+08;
View002;;0;1.55788e+08;1.59245e+08;1.55262e+08;1.59334e+08;
View002;;0;1.55262e+08;1.59334e+08;1.55808e+08;1.59275e+08;
View002;;0;1.55808e+08;1.59275e+08;1.55282e+08;1.59364e+08;
View002;;0;1.55282e+08;1.59364e+08;1.56065e+08;1.59843e+08;
View002;;0;1.56065e+08;1.59843e+08;1.55245e+08;1.59982e+08;
View002;;0;1.55245e+08;1.59982e+08;1.56441e+08;1.60604e+08;
View002;;0;1.56441e+08;1.60604e+08;1.55141e+08;1.60825e+08;
View002;;0;1.55141e+08;1.60825e+08;1.56671e+08;1.6113e+08;
View002;;0;1.56671e+08;1.6113e+08;1.55078e+08;1.61401e+08;
View002;;0;1.50756e+08;1.58907e+08;1.47337e+08;1.56884e+08;
View002;;0;1.47337e+08;1.56884e+08;1.47318e+08;1.56854e+08;
View002;;0;1.47318e+08;1.56854e+08;1.50756e+08;1.58907e+08;
View002;;0;1.50776e+08;1.58937e+08;1.47337e+08;1.56884e+08;
View002;;0;1.50756e+08;1.58907e+08;1.50776e+08;1.58937e+08;
View002;;0;1.50473e+08;1.59468e+08;1.47337e+08;1.56884e+08;
View002;;0;1.50776e+08;1.58937e+08;1.50473e+08;1.59468e+08;
View002;;0;1.50473e+08;1.59468e+08;1.47051e+08;1.57424e+08;
View002;;0;1.47051e+08;1.57424e+08;1.47337e+08;1.56884e+08;
View002;;0;1.49998e+08;1.60171e+08;1.47051e+08;1.57424e+08;
View002;;0;1.50473e+08;1.59468e+08;1.49998e+08;1.60171e+08;
View002;;0;1.49998e+08;1.60171e+08;1.46656e+08;1.58176e+08;
View002;;0;1.46656e+08;1.58176e+08;1.47051e+08;1.57424e+08;
View002;;0;1.49669e+08;1.6066e+08;1.46656e+08;1.58176e+08;
View002;;0;1.49998e+08;1.60171e+08;1.49669e+08;1.6066e+08;
View002;;0;1.49669e+08;1.6066e+08;1.46343e+08;1.58674e+08;
View002;;0;1.46343e+08;1.58674e+08;1.46656e+08;1.58176e+08;
View002;;0;1.51265e+08;1.59066e+08;1.50756e+08;1.58907e+08;
View002;;0;1.50756e+08;1.58907e+08;1.51285e+08;1.59096e+08;
View002;;0;1.51285e+08;1.59096e+08;1.50776e+08;1.58937e+08;
View002;;0;1.50776e+08;1.58937e+08;1.51267e+08;1.59715e+08;
View002;;0;1.51267e+08;1.59715e+08;1.50473e+08;1.59468e+08;
View002;;0;1.50473e+08;1.59468e+08;1.51256e+08;1.60564e+08;
View002;;0;1.51256e+08;1.60564e+08;1.49998e+08;1.60171e+08;
View002;;0;1.49998e+08;1.60171e+08;1.51211e+08;1.61141e+08;
View002;;0;1.51211e+08;1.61141e+08;1.49669e+08;1.6066e+08;
View002;;0;1.46956e+08;1.56511e+08;1.46718e+08;1.56132e+08;
View002;;0;1.46956e+08;1.56511e+08;1.4663e+08;1.56132e+08;
View002;;0;1.46956e+08;1.56511e+08;1.46457e+08;1.56843e+08;
View002;;0;1.46457e+08;1.56843e+08;1.4601e+08;1.56132e+08;
View002;;0;1.45715e+08;1.57255e+08;1.45306e+08;1.56132e+08;
View002;;0;1.46457e+08;1.56843e+08;1.45715e+08;1.57255e+08;
View002;;0;1.45715e+08;1.57255e+08;1.45009e+08;1.56132e+08;
View002;;0;1.45715e+08;1.57255e+08;1.44743e+08;1.56132e+08;
View002;;0;1.45715e+08;1.57255e+08;1.45188e+08;1.57545e+08;
View002;;0;1.45188e+08;1.57545e+08;1.44301e+08;1.56132e+08;
View002;;0;1.45188e+08;1.57545e+08;1.44301e+08;1.56132e+08;
View002;;0;1.45188e+08;1.57545e+08;1.45169e+08;1.57515e+08;
View002;;0;1.45169e+08;1.57515e+08;1.443e+08;1.56132e+08;
View002;;0;1.47318e+08;1.56854e+08;1.46938e+08;1.56483e+08;
View002;;0;1.46938e+08;1.56483e+08;1.47337e+08;1.56884e+08;
View002;;0;1.47337e+08;1.56884e+08;1.46956e+08;1.56511e+08;
View002;;0;1.47337e+08;1.56884e+08;1.46457e+08;1.56843e+08;
View002;;0;1.47051e+08;1.57424e+08;1.46457e+08;1.56843e+08;
View002;;0;1.46457e+08;1.56843e+08;1.46656e+08;1.58176e+08;
View002;;0;1.46656e+08;1.58176e+08;1.45715e+08;1.57255e+08;
View002;;0;1.45715e+08;1.57255e+08;1.46343e+08;1.58674e+08;
View002;;0;1.46343e+08;1.58674e+08;1.45188e+08;1.57545e+08;
View002;;0;1.59435e+08;1.57687e+08;1.59922e+08;1.57297e+08;
View002;;0;1.59922e+08;1.57297e+08;1.59531e+08;1.57683e+08;
View002;;0;1.59531e+08;1.57683e+08;1.60369e+08;1.57581e+08;
View002;;0;1.60369e+08;1.57581e+08;1.5979e+08;1.58251e+08;
View002;;0;1.5979e+08;1.58251e+08;1.61039e+08;1.58089e+08;
View002;;0;1.61039e+08;1.58089e+08;1.60062e+08;1.59056e+08;
View002;;0;1.60062e+08;1.59056e+08;1.61532e+08;1.58543e+08;
View002;;0;1.61532e+08;1.58543e+08;1.60273e+08;1.59589e+08;
View002;;0;1.60273e+08;1.59589e+08;1.61512e+08;1.58699e+08;
View002;;0;1.48217e+08;1.41412e+08;1.50581e+08;1.40737e+08;
View002;;0;1.48367e+08;1.42123e+08;1.48217e+08;1.41412e+08;
View002;;0;1.48217e+08;1.41412e+08;1.50232e+08;1.40171e+08;
View002;;0;1.48438e+08;1.40302e+08;1.50232e+08;1.40171e+08;
View002;;0;1.48217e+08;1.41412e+08;1.48438e+08;1.40302e+08;
View002;;0;1.48438e+08;1.40302e+08;1.49743e+08;1.39484e+08;
View002;;0;1.4841e+08;1.39699e+08;1.49743e+08;1.39484e+08;
View002;;0;1.48438e+08;1.40302e+08;1.4841e+08;1.39699e+08;
View002;;0;1.4841e+08;1.39699e+08;1.49441e+08;1.39052e+08;
View002;;0;1.49583e+08;1.41479e+08;1.48632e+08;1.42131e+08;
View002;;0;1.48632e+08;1.42131e+08;1.48519e+08;1.42147e+08;
View002;;0;1.5064e+08;1.40873e+08;1.50624e+08;1.40829e+08;
View002;;0;1.5064e+08;1.40873e+08;1.48632e+08;1.42131e+08;
View002;;0;1.59809e+08;1.42188e+08;1.60442e+08;1.42894e+08;
View002;;0;1.60639e+08;1.43132e+08;1.59809e+08;1.42188e+08;
View002;;0;1.59809e+08;1.42188e+08;1.598e+08;1.42165e+08;
View002;;0;1.55661e+08;1.4041e+08;1.57081e+08;1.40941e+08;
View002;;0;1.59363e+08;1.4185e+08;1.59374e+08;1.41882e+08;
View002;;0;1.59374e+08;1.41882e+08;1.57356e+08;1.41082e+08;
View002;;0;1.5721e+08;1.41024e+08;1.55661e+08;1.4041e+08;
View002;;0;1.55661e+08;1.4041e+08;1.55648e+08;1.40373e+08;
View002;;0;1.55119e+08;1.40295e+08;1.55134e+08;1.40334e+08;
View002;;0;1.55134e+08;1.40334e+08;1.53324e+08;1.40501e+08;
View002;;0;1.52946e+08;1.40536e+08;1.51145e+08;1.40702e+08;
View002;;0;1.51145e+08;1.40702e+08;1.52883e+08;1.40498e+08;
View002;;0;1.51145e+08;1.40702e+08;1.5113e+08;1.4066e+08;
View002;;0;1.5064e+08;1.40873e+08;1.51145e+08;1.40702e+08;
View002;;0;1.51145e+08;1.40702e+08;1.50896e+08;1.40737e+08;
View002;;0;1.55134e+08;1.40334e+08;1.55661e+08;1.4041e+08;
View002;;0;1.55661e+08;1.4041e+08;1.55427e+08;1.40339e+08;
View002;;0;1.59374e+08;1.41882e+08;1.59809e+08;1.42188e+08;
View002;;0;1.59809e+08;1.42188e+08;1.5965e+08;1.42052e+08;
View002;;0;1.63712e+08;1.56132e+08;1.62742e+08;1.57236e+08;
View002;;0;1.61536e+08;1.5874e+08;1.61546e+08;1.58658e+08;
View002;;0;1.63727e+08;1.56132e+08;1.61536e+08;1.5874e+08;
View002;;0;1.45307e+08;1.42884e+08;1.44911e+08;1.43132e+08;
View002;;0;1.4439e+08;1.43132e+08;1.44907e+08;1.42405e+08;
View002;;0;1.44907e+08;1.42405e+08;1.45307e+08;1.42884e+08;
View002;;0;1.45131e+08;1.43132e+08;1.45307e+08;1.42884e+08;
View002;;0;1.56695e+08;1.61171e+08;1.56973e+08;1.61e+08;
View002;;0;1.60279e+08;1.59584e+08;1.60297e+08;1.5963e+08;
View002;;0;1.60297e+08;1.5963e+08;1.56695e+08;1.61171e+08;
View002;;0;1.56695e+08;1.61171e+08;1.56676e+08;1.61128e+08;
View002;;0;1.55102e+08;1.61442e+08;1.54843e+08;1.61385e+08;
View002;;0;1.55107e+08;1.61396e+08;1.55102e+08;1.61442e+08;
View002;;0;1.55102e+08;1.61442e+08;1.51235e+08;1.61182e+08;
View002;;0;1.51235e+08;1.61182e+08;1.51238e+08;1.61143e+08;
View002;;0;1.56573e+08;1.61146e+08;1.56695e+08;1.61171e+08;
View002;;0;1.56695e+08;1.61171e+08;1.55102e+08;1.61442e+08;
View002;;0;1.49693e+08;1.60701e+08;1.49576e+08;1.60604e+08;
View002;;0;1.49712e+08;1.60673e+08;1.49693e+08;1.60701e+08;
View002;;0;1.49693e+08;1.60701e+08;1.46367e+08;1.58715e+08;
View002;;0;1.46367e+08;1.58715e+08;1.46379e+08;1.58695e+08;
View002;;0;1.51166e+08;1.61127e+08;1.51235e+08;1.61182e+08;
View002;;0;1.51235e+08;1.61182e+08;1.49693e+08;1.60701e+08;
View002;;0;1.45224e+08;1.5758e+08;1.45212e+08;1.57586e+08;
View002;;0;1.45212e+08;1.57586e+08;1.44299e+08;1.56132e+08;
View002;;0;1.45212e+08;1.57586e+08;1.44299e+08;1.56132e+08;
View002;;0;1.45212e+08;1.57586e+08;1.45193e+08;1.57556e+08;
View002;;0;1.45193e+08;1.57556e+08;1.44299e+08;1.56132e+08;
View002;;0;1.46351e+08;1.58678e+08;1.46367e+08;1.58715e+08;
View002;;0;1.46367e+08;1.58715e+08;1.45212e+08;1.57586e+08;
View002;;0;1.45315e+08;1.43132e+08;1.45307e+08;1.42884e+08;
View002;;0;1.45307e+08;1.42884e+08;1.45502e+08;1.43132e+08;
View002;;0;1.44907e+08;1.42405e+08;1.44367e+08;1.43132e+08;
View002;;0;1.44351e+08;1.43131e+08;1.44887e+08;1.42375e+08;
View002;;0;1.44887e+08;1.42375e+08;1.44907e+08;1.42405e+08;
View002;;0;1.60814e+08;1.59201e+08;1.60297e+08;1.5963e+08;
View002;;0;1.60297e+08;1.5963e+08;1.61536e+08;1.5874e+08;
View002;;0;1.46781e+08;1.40723e+08;1.44887e+08;1.42375e+08;
View002;;0;1.46712e+08;1.40829e+08;1.44887e+08;1.42375e+08;
View002;;0;1.46781e+08;1.40723e+08;1.46712e+08;1.40829e+08;
View002;;0;1.46712e+08;1.40829e+08;1.44907e+08;1.42405e+08;
View002;;0;1.47027e+08;1.41382e+08;1.44907e+08;1.42405e+08;
View002;;0;1.46712e+08;1.40829e+08;1.47027e+08;1.41382e+08;
View002;;0;1.47027e+08;1.41382e+08;1.45307e+08;1.42884e+08;
View002;;0;1.4746e+08;1.42128e+08;1.45307e+08;1.42884e+08;
View002;;0;1.47027e+08;1.41382e+08;1.4746e+08;1.42128e+08;
View002;;0;1.4746e+08;1.42128e+08;1.4631e+08;1.43132e+08;
View002;;0;1.47772e+08;1.42617e+08;1.46701e+08;1.43132e+08;
View002;;0;1.4746e+08;1.42128e+08;1.47772e+08;1.42617e+08;
View002;;0;1.47772e+08;1.42617e+08;1.47182e+08;1.43132e+08;
View002;;0;1.46781e+08;1.40723e+08;1.4841e+08;1.39699e+08;
View002;;0;1.4841e+08;1.39699e+08;1.46712e+08;1.40829e+08;
View002;;0;1.46712e+08;1.40829e+08;1.48438e+08;1.40302e+08;
View002;;0;1.48438e+08;1.40302e+08;1.47027e+08;1.41382e+08;
View002;;0;1.47027e+08;1.41382e+08;1.48217e+08;1.41412e+08;
View002;;0;1.48217e+08;1.41412e+08;1.4746e+08;1.42128e+08;
View002;;0;1.4746e+08;1.42128e+08;1.48367e+08;1.42123e+08;
View002;;0;1.48367e+08;1.42123e+08;1.47772e+08;1.42617e+08;
View002;;0;1.47772e+08;1.42617e+08;1.48608e+08;1.4209e+08;
View002;;0;1.49607e+08;1.4152e+08;1.48656e+08;1.42172e+08;
View002;;0;1.48656e+08;1.42172e+08;1.48543e+08;1.42187e+08;
View002;;0;1.50663e+08;1.40914e+08;1.50648e+08;1.4087e+08;
View002;;0;1.50663e+08;1.40914e+08;1.48656e+08;1.42172e+08;
View002;;0;1.59833e+08;1.42229e+08;1.60466e+08;1.42935e+08;
View002;;0;1.60627e+08;1.43132e+08;1.59833e+08;1.42229e+08;
View002;;0;1.59833e+08;1.42229e+08;1.59824e+08;1.42205e+08;
View002;;0;1.55685e+08;1.40451e+08;1.57105e+08;1.40982e+08;
View002;;0;1.59387e+08;1.41891e+08;1.59398e+08;1.41923e+08;
View002;;0;1.59398e+08;1.41923e+08;1.57887e+08;1.41324e+08;
View002;;0;1.57055e+08;1.40994e+08;1.55685e+08;1.40451e+08;
View002;;0;1.55685e+08;1.40451e+08;1.55672e+08;1.40414e+08;
View002;;0;1.55143e+08;1.40336e+08;1.55158e+08;1.40375e+08;
View002;;0;1.55158e+08;1.40375e+08;1.54214e+08;1.40462e+08;
View002;;0;1.52724e+08;1.40599e+08;1.51169e+08;1.40743e+08;
View002;;0;1.51169e+08;1.40743e+08;1.52907e+08;1.40539e+08;
View002;;0;1.51169e+08;1.40743e+08;1.51154e+08;1.40701e+08;
View002;;0;1.50663e+08;1.40914e+08;1.51169e+08;1.40743e+08;
View002;;0;1.51169e+08;1.40743e+08;1.5092e+08;1.40778e+08;
View002;;0;1.55158e+08;1.40375e+08;1.55685e+08;1.40451e+08;
View002;;0;1.55685e+08;1.40451e+08;1.55451e+08;1.4038e+08;
View002;;0;1.59398e+08;1.41923e+08;1.59833e+08;1.42229e+08;
View002;;0;1.59833e+08;1.42229e+08;1.59674e+08;1.42093e+08;
View002;;0;1.63772e+08;1.56132e+08;1.62766e+08;1.57277e+08;
View002;;0;1.6156e+08;1.58781e+08;1.6157e+08;1.58699e+08;
View002;;0;1.63786e+08;1.56132e+08;1.6156e+08;1.58781e+08;
View002;;0;1.56719e+08;1.61212e+08;1.56997e+08;1.61041e+08;
View002;;0;1.60303e+08;1.59625e+08;1.60321e+08;1.59671e+08;
View002;;0;1.60321e+08;1.59671e+08;1.56719e+08;1.61212e+08;
View002;;0;1.56719e+08;1.61212e+08;1.567e+08;1.61169e+08;
View002;;0;1.55126e+08;1.61483e+08;1.54867e+08;1.61426e+08;
View002;;0;1.55131e+08;1.61437e+08;1.55126e+08;1.61483e+08;
View002;;0;1.55126e+08;1.61483e+08;1.51259e+08;1.61223e+08;
View002;;0;1.51259e+08;1.61223e+08;1.51262e+08;1.61184e+08;
View002;;0;1.56597e+08;1.61187e+08;1.56719e+08;1.61212e+08;
View002;;0;1.56719e+08;1.61212e+08;1.55126e+08;1.61483e+08;
View002;;0;1.49717e+08;1.60742e+08;1.496e+08;1.60645e+08;
View002;;0;1.49736e+08;1.60714e+08;1.49717e+08;1.60742e+08;
View002;;0;1.49717e+08;1.60742e+08;1.46391e+08;1.58756e+08;
View002;;0;1.46391e+08;1.58756e+08;1.46403e+08;1.58736e+08;
View002;;0;1.5119e+08;1.61168e+08;1.51259e+08;1.61223e+08;
View002;;0;1.51259e+08;1.61223e+08;1.49717e+08;1.60742e+08;
View002;;0;1.45248e+08;1.57621e+08;1.45236e+08;1.57627e+08;
View002;;0;1.45236e+08;1.57627e+08;1.44297e+08;1.56132e+08;
View002;;0;1.45236e+08;1.57627e+08;1.44297e+08;1.56132e+08;
View002;;0;1.45236e+08;1.57627e+08;1.45217e+08;1.57597e+08;
View002;;0;1.45217e+08;1.57597e+08;1.44297e+08;1.56132e+08;
View002;;0;1.46375e+08;1.58719e+08;1.46391e+08;1.58756e+08;
View002;;0;1.46391e+08;1.58756e+08;1.45236e+08;1.57627e+08;
View002;;0;1.60838e+08;1.59242e+08;1.60321e+08;1.59671e+08;
View002;;0;1.60321e+08;1.59671e+08;1.6156e+08;1.58781e+08;
View002;;0;1.47796e+08;1.42658e+08;1.47638e+08;1.42734e+08;
View002;;0;1.4777e+08;1.42618e+08;1.47796e+08;1.42658e+08;
View002;;0;1.47796e+08;1.42658e+08;1.47253e+08;1.43132e+08;
View002;;0;1.49631e+08;1.41561e+08;1.4868e+08;1.42213e+08;
View002;;0;1.4868e+08;1.42213e+08;1.48567e+08;1.42228e+08;
View002;;0;1.50687e+08;1.40955e+08;1.50672e+08;1.40911e+08;
View002;;0;1.50687e+08;1.40955e+08;1.4868e+08;1.42213e+08;
View002;;0;1.59857e+08;1.4227e+08;1.6049e+08;1.42976e+08;
View002;;0;1.60615e+08;1.43132e+08;1.59857e+08;1.4227e+08;
View002;;0;1.59857e+08;1.4227e+08;1.59848e+08;1.42246e+08;
View002;;0;1.55709e+08;1.40492e+08;1.57046e+08;1.40992e+08;
View002;;0;1.59411e+08;1.41932e+08;1.59422e+08;1.41964e+08;
View002;;0;1.59422e+08;1.41964e+08;1.58409e+08;1.41562e+08;
View002;;0;1.56899e+08;1.40964e+08;1.55709e+08;1.40492e+08;
View002;;0;1.55709e+08;1.40492e+08;1.55696e+08;1.40455e+08;
View002;;0;1.55167e+08;1.40377e+08;1.55182e+08;1.40416e+08;
View002;;0;1.55182e+08;1.40416e+08;1.54436e+08;1.40485e+08;
View002;;0;1.52502e+08;1.40663e+08;1.51193e+08;1.40784e+08;
View002;;0;1.51193e+08;1.40784e+08;1.52694e+08;1.40608e+08;
View002;;0;1.51193e+08;1.40784e+08;1.51178e+08;1.40742e+08;
View002;;0;1.50687e+08;1.40955e+08;1.51193e+08;1.40784e+08;
View002;;0;1.51193e+08;1.40784e+08;1.50944e+08;1.40819e+08;
View002;;0;1.55182e+08;1.40416e+08;1.55709e+08;1.40492e+08;
View002;;0;1.55709e+08;1.40492e+08;1.55475e+08;1.40421e+08;
View002;;0;1.59422e+08;1.41964e+08;1.59857e+08;1.4227e+08;
View002;;0;1.59857e+08;1.4227e+08;1.59698e+08;1.42134e+08;
View002;;0;1.63832e+08;1.56132e+08;1.6279e+08;1.57318e+08;
View002;;0;1.61584e+08;1.58822e+08;1.61594e+08;1.5874e+08;
View002;;0;1.63844e+08;1.56132e+08;1.61584e+08;1.58822e+08;
View002;;0;1.56743e+08;1.61253e+08;1.57021e+08;1.61082e+08;
View002;;0;1.60327e+08;1.59666e+08;1.60345e+08;1.59712e+08;
View002;;0;1.60345e+08;1.59712e+08;1.56743e+08;1.61253e+08;
View002;;0;1.56743e+08;1.61253e+08;1.56724e+08;1.61209e+08;
View002;;0;1.5515e+08;1.61524e+08;1.54891e+08;1.61467e+08;
View002;;0;1.55155e+08;1.61478e+08;1.5515e+08;1.61524e+08;
View002;;0;1.5515e+08;1.61524e+08;1.51283e+08;1.61264e+08;
View002;;0;1.51283e+08;1.61264e+08;1.51286e+08;1.61225e+08;
View002;;0;1.56621e+08;1.61228e+08;1.56743e+08;1.61253e+08;
View002;;0;1.56743e+08;1.61253e+08;1.5515e+08;1.61524e+08;
View002;;0;1.49741e+08;1.60783e+08;1.49624e+08;1.60686e+08;
View002;;0;1.4976e+08;1.60755e+08;1.49741e+08;1.60783e+08;
View002;;0;1.49741e+08;1.60783e+08;1.46415e+08;1.58797e+08;
View002;;0;1.46415e+08;1.58797e+08;1.46427e+08;1.58777e+08;
View002;;0;1.51214e+08;1.61209e+08;1.51283e+08;1.61264e+08;
View002;;0;1.51283e+08;1.61264e+08;1.49741e+08;1.60783e+08;
View002;;0;1.45272e+08;1.57661e+08;1.4526e+08;1.57668e+08;
View002;;0;1.4526e+08;1.57668e+08;1.44296e+08;1.56132e+08;
View002;;0;1.4526e+08;1.57668e+08;1.44295e+08;1.56132e+08;
View002;;0;1.4526e+08;1.57668e+08;1.45241e+08;1.57638e+08;
View002;;0;1.45241e+08;1.57638e+08;1.44295e+08;1.56132e+08;
View002;;0;1.46399e+08;1.5876e+08;1.46415e+08;1.58797e+08;
View002;;0;1.46415e+08;1.58797e+08;1.4526e+08;1.57668e+08;
View002;;0;1.60862e+08;1.59283e+08;1.60345e+08;1.59712e+08;
View002;;0;1.60345e+08;1.59712e+08;1.61584e+08;1.58822e+08;
View002;;0;1.4782e+08;1.42699e+08;1.47662e+08;1.42775e+08;
View002;;0;1.47794e+08;1.42659e+08;1.4782e+08;1.42699e+08;
View002;;0;1.4782e+08;1.42699e+08;1.47324e+08;1.43132e+08;
View002;;0;1.48099e+08;1.42467e+08;1.4782e+08;1.42699e+08;
View002;;0;1.4782e+08;1.42699e+08;1.48656e+08;1.42172e+08;
View002;;0;1.48075e+08;1.42426e+08;1.47796e+08;1.42658e+08;
View002;;0;1.47796e+08;1.42658e+08;1.48632e+08;1.42131e+08;
View002;;0;1.49655e+08;1.41602e+08;1.49022e+08;1.42036e+08;
View002;;0;1.48771e+08;1.42208e+08;1.48704e+08;1.42254e+08;
View002;;0;1.48704e+08;1.42254e+08;1.48591e+08;1.42269e+08;
View002;;0;1.50711e+08;1.40995e+08;1.50696e+08;1.40952e+08;
View002;;0;1.50711e+08;1.40995e+08;1.49139e+08;1.41981e+08;
View002;;0;1.48747e+08;1.42227e+08;1.48704e+08;1.42254e+08;
View002;;0;1.59881e+08;1.42311e+08;1.60514e+08;1.43017e+08;
View002;;0;1.60603e+08;1.43132e+08;1.59881e+08;1.42311e+08;
View002;;0;1.59881e+08;1.42311e+08;1.59872e+08;1.42287e+08;
View002;;0;1.55733e+08;1.40532e+08;1.56868e+08;1.40958e+08;
View002;;0;1.59435e+08;1.41973e+08;1.59446e+08;1.42005e+08;
View002;;0;1.59446e+08;1.42005e+08;1.5849e+08;1.41626e+08;
View002;;0;1.56744e+08;1.40933e+08;1.55733e+08;1.40532e+08;
View002;;0;1.55733e+08;1.40532e+08;1.5572e+08;1.40496e+08;
View002;;0;1.55191e+08;1.40418e+08;1.55206e+08;1.40457e+08;
View002;;0;1.55206e+08;1.40457e+08;1.54586e+08;1.40514e+08;
View002;;0;1.5228e+08;1.40727e+08;1.51217e+08;1.40825e+08;
View002;;0;1.51217e+08;1.40825e+08;1.52436e+08;1.40682e+08;
View002;;0;1.51217e+08;1.40825e+08;1.51202e+08;1.40783e+08;
View002;;0;1.50711e+08;1.40995e+08;1.51217e+08;1.40825e+08;
View002;;0;1.51217e+08;1.40825e+08;1.50968e+08;1.4086e+08;
View002;;0;1.55206e+08;1.40457e+08;1.55733e+08;1.40532e+08;
View002;;0;1.55733e+08;1.40532e+08;1.55499e+08;1.40462e+08;
View002;;0;1.59446e+08;1.42005e+08;1.59881e+08;1.42311e+08;
View002;;0;1.59881e+08;1.42311e+08;1.59722e+08;1.42175e+08;
View002;;0;1.63892e+08;1.56132e+08;1.62814e+08;1.57359e+08;
View002;;0;1.61608e+08;1.58863e+08;1.61618e+08;1.58781e+08;
View002;;0;1.63902e+08;1.56132e+08;1.61608e+08;1.58863e+08;
View002;;0;1.56767e+08;1.61294e+08;1.57045e+08;1.61123e+08;
View002;;0;1.60351e+08;1.59707e+08;1.60369e+08;1.59753e+08;
View002;;0;1.60369e+08;1.59753e+08;1.56767e+08;1.61294e+08;
View002;;0;1.56767e+08;1.61294e+08;1.56748e+08;1.6125e+08;
View002;;0;1.55174e+08;1.61565e+08;1.54915e+08;1.61508e+08;
View002;;0;1.55179e+08;1.61519e+08;1.55174e+08;1.61565e+08;
View002;;0;1.55174e+08;1.61565e+08;1.51307e+08;1.61305e+08;
View002;;0;1.51307e+08;1.61305e+08;1.5131e+08;1.61266e+08;
View002;;0;1.56645e+08;1.61269e+08;1.56767e+08;1.61294e+08;
View002;;0;1.56767e+08;1.61294e+08;1.55174e+08;1.61565e+08;
View002;;0;1.49765e+08;1.60824e+08;1.49648e+08;1.60727e+08;
View002;;0;1.49784e+08;1.60796e+08;1.49765e+08;1.60824e+08;
View002;;0;1.49765e+08;1.60824e+08;1.46439e+08;1.58838e+08;
View002;;0;1.46439e+08;1.58838e+08;1.46451e+08;1.58818e+08;
View002;;0;1.51238e+08;1.6125e+08;1.51307e+08;1.61305e+08;
View002;;0;1.51307e+08;1.61305e+08;1.49765e+08;1.60824e+08;
View002;;0;1.45296e+08;1.57702e+08;1.45284e+08;1.57709e+08;
View002;;0;1.45284e+08;1.57709e+08;1.44294e+08;1.56132e+08;
View002;;0;1.45284e+08;1.57709e+08;1.44294e+08;1.56132e+08;
View002;;0;1.45284e+08;1.57709e+08;1.45265e+08;1.57679e+08;
View002;;0;1.45265e+08;1.57679e+08;1.44293e+08;1.56132e+08;
View002;;0;1.46423e+08;1.58801e+08;1.46439e+08;1.58838e+08;
View002;;0;1.46439e+08;1.58838e+08;1.45284e+08;1.57709e+08;
View002;;0;1.60886e+08;1.59324e+08;1.60369e+08;1.59753e+08;
View002;;0;1.60369e+08;1.59753e+08;1.61608e+08;1.58863e+08;
View002;;0;1.47844e+08;1.4274e+08;1.47686e+08;1.42816e+08;
View002;;0;1.47818e+08;1.427e+08;1.47844e+08;1.4274e+08;
View002;;0;1.47844e+08;1.4274e+08;1.47395e+08;1.43132e+08;
View002;;0;1.59905e+08;1.42351e+08;1.60537e+08;1.43058e+08;
View002;;0;1.60591e+08;1.43132e+08;1.59905e+08;1.42351e+08;
View002;;0;1.59905e+08;1.42351e+08;1.59896e+08;1.42328e+08;
View002;;0;1.58728e+08;1.41812e+08;1.5947e+08;1.42046e+08;
View002;;0;1.5947e+08;1.42046e+08;1.58755e+08;1.41833e+08;
View002;;0;1.59459e+08;1.42014e+08;1.5947e+08;1.42046e+08;
View002;;0;1.58594e+08;1.41707e+08;1.58968e+08;1.41815e+08;
View002;;0;1.56175e+08;1.40823e+08;1.56182e+08;1.40711e+08;
View002;;0;1.55284e+08;1.4065e+08;1.55678e+08;1.40525e+08;
View002;;0;1.5947e+08;1.42046e+08;1.59905e+08;1.42351e+08;
View002;;0;1.59905e+08;1.42351e+08;1.59745e+08;1.42216e+08;
View002;;0;1.63952e+08;1.56132e+08;1.62838e+08;1.574e+08;
View002;;0;1.61632e+08;1.58904e+08;1.61642e+08;1.58822e+08;
View002;;0;1.63961e+08;1.56132e+08;1.61632e+08;1.58904e+08;
View002;;0;1.56791e+08;1.61334e+08;1.57069e+08;1.61164e+08;
View002;;0;1.60375e+08;1.59748e+08;1.60393e+08;1.59794e+08;
View002;;0;1.60393e+08;1.59794e+08;1.56791e+08;1.61334e+08;
View002;;0;1.56791e+08;1.61334e+08;1.56772e+08;1.61291e+08;
View002;;0;1.55198e+08;1.61606e+08;1.54939e+08;1.61549e+08;
View002;;0;1.55203e+08;1.6156e+08;1.55198e+08;1.61606e+08;
View002;;0;1.55198e+08;1.61606e+08;1.51331e+08;1.61346e+08;
View002;;0;1.51331e+08;1.61346e+08;1.51334e+08;1.61307e+08;
View002;;0;1.56669e+08;1.6131e+08;1.56791e+08;1.61334e+08;
View002;;0;1.56791e+08;1.61334e+08;1.55198e+08;1.61606e+08;
View002;;0;1.49789e+08;1.60865e+08;1.49672e+08;1.60768e+08;
View002;;0;1.49808e+08;1.60837e+08;1.49789e+08;1.60865e+08;
View002;;0;1.49789e+08;1.60865e+08;1.46463e+08;1.58879e+08;
View002;;0;1.46463e+08;1.58879e+08;1.46475e+08;1.58859e+08;
View002;;0;1.51262e+08;1.61291e+08;1.51331e+08;1.61346e+08;
View002;;0;1.51331e+08;1.61346e+08;1.49789e+08;1.60865e+08;
View002;;0;1.4532e+08;1.57743e+08;1.45308e+08;1.5775e+08;
View002;;0;1.45308e+08;1.5775e+08;1.44292e+08;1.56132e+08;
View002;;0;1.45308e+08;1.5775e+08;1.44292e+08;1.56132e+08;
View002;;0;1.45308e+08;1.5775e+08;1.45289e+08;1.5772e+08;
View002;;0;1.45289e+08;1.5772e+08;1.44292e+08;1.56132e+08;
View002;;0;1.46447e+08;1.58842e+08;1.46463e+08;1.58879e+08;
View002;;0;1.46463e+08;1.58879e+08;1.45308e+08;1.5775e+08;
View002;;0;1.6091e+08;1.59365e+08;1.60393e+08;1.59794e+08;
View002;;0;1.60393e+08;1.59794e+08;1.61632e+08;1.58904e+08;
View002;;0;1.47868e+08;1.42781e+08;1.4771e+08;1.42857e+08;
View002;;0;1.47842e+08;1.42741e+08;1.47868e+08;1.42781e+08;
View002;;0;1.47868e+08;1.42781e+08;1.47465e+08;1.43132e+08;
View002;;0;1.48147e+08;1.42549e+08;1.47868e+08;1.42781e+08;
View002;;0;1.47868e+08;1.42781e+08;1.48704e+08;1.42254e+08;
View002;;0;1.48123e+08;1.42508e+08;1.47844e+08;1.4274e+08;
View002;;0;1.47844e+08;1.4274e+08;1.4868e+08;1.42213e+08;
View002;;0;1.51347e+08;1.40813e+08;1.50698e+08;1.41193e+08;
View002;;0;1.51011e+08;1.41119e+08;1.50698e+08;1.41193e+08;
View002;;0;1.64209e+08;1.40041e+08;1.63132e+08;1.40036e+08;
View002;;0;1.63132e+08;1.40036e+08;1.63591e+08;1.39506e+08;
View002;;0;1.63591e+08;1.39506e+08;1.64209e+08;1.40041e+08;
View002;;0;1.6375e+08;1.40571e+08;1.64209e+08;1.40041e+08;
View002;;0;1.6375e+08;1.40571e+08;1.63132e+08;1.40036e+08;
View002;;0;1.64624e+08;1.40399e+08;1.6375e+08;1.40571e+08;
View002;;0;1.64209e+08;1.40041e+08;1.64624e+08;1.40399e+08;
View002;;0;1.64165e+08;1.40929e+08;1.64624e+08;1.40399e+08;
View002;;0;1.64165e+08;1.40929e+08;1.6375e+08;1.40571e+08;
View002;;0;1.62672e+08;1.39637e+08;1.63099e+08;1.39077e+08;
View002;;0;1.63099e+08;1.39077e+08;1.63131e+08;1.39107e+08;
View002;;0;1.63131e+08;1.39107e+08;1.62672e+08;1.39637e+08;
View002;;0;1.62672e+08;1.39637e+08;1.6264e+08;1.39607e+08;
View002;;0;1.6264e+08;1.39607e+08;1.63099e+08;1.39077e+08;
View002;;0;1.63591e+08;1.39506e+08;1.62672e+08;1.39637e+08;
View002;;0;1.63131e+08;1.39107e+08;1.63591e+08;1.39506e+08;
View002;;0;1.63132e+08;1.40036e+08;1.62672e+08;1.39637e+08;
View002;;0;1.61864e+08;1.40748e+08;1.6264e+08;1.39607e+08;
View002;;0;1.62672e+08;1.39637e+08;1.61864e+08;1.40748e+08;
View002;;0;1.61832e+08;1.40719e+08;1.61864e+08;1.40748e+08;
View002;;0;1.61832e+08;1.40719e+08;1.6264e+08;1.39607e+08;
View002;;0;1.63189e+08;1.4127e+08;1.62174e+08;1.4163e+08;
View002;;0;1.62174e+08;1.4163e+08;1.62426e+08;1.40976e+08;
View002;;0;1.62426e+08;1.40976e+08;1.63189e+08;1.4127e+08;
View002;;0;1.62937e+08;1.41924e+08;1.63189e+08;1.4127e+08;
View002;;0;1.62937e+08;1.41924e+08;1.62174e+08;1.4163e+08;
View002;;0;1.63707e+08;1.41457e+08;1.62937e+08;1.41924e+08;
View002;;0;1.63189e+08;1.4127e+08;1.63707e+08;1.41457e+08;
View002;;0;1.63454e+08;1.42111e+08;1.63707e+08;1.41457e+08;
View002;;0;1.63454e+08;1.42111e+08;1.62937e+08;1.41924e+08;
View002;;0;1.61611e+08;1.41402e+08;1.61832e+08;1.40719e+08;
View002;;0;1.61864e+08;1.40748e+08;1.61611e+08;1.41402e+08;
View002;;0;1.61611e+08;1.41402e+08;1.6158e+08;1.41372e+08;
View002;;0;1.6158e+08;1.41372e+08;1.61832e+08;1.40719e+08;
View002;;0;1.62426e+08;1.40976e+08;1.61611e+08;1.41402e+08;
View002;;0;1.61864e+08;1.40748e+08;1.62426e+08;1.40976e+08;
View002;;0;1.62174e+08;1.4163e+08;1.61611e+08;1.41402e+08;
View002;;0;1.61238e+08;1.42645e+08;1.6158e+08;1.41372e+08;
View002;;0;1.61611e+08;1.41402e+08;1.61238e+08;1.42645e+08;
View002;;0;1.61206e+08;1.42616e+08;1.61238e+08;1.42645e+08;
View002;;0;1.61206e+08;1.42616e+08;1.6158e+08;1.41372e+08;
View002;;0;1.62657e+08;1.42714e+08;1.62132e+08;1.43132e+08;
View002;;0;1.61823e+08;1.43132e+08;1.61839e+08;1.42686e+08;
View002;;0;1.61839e+08;1.42686e+08;1.62657e+08;1.42714e+08;
View002;;0;1.62642e+08;1.43132e+08;1.62657e+08;1.42714e+08;
View002;;0;1.61188e+08;1.43132e+08;1.61206e+08;1.42616e+08;
View002;;0;1.61238e+08;1.42645e+08;1.61197e+08;1.43132e+08;
View002;;0;1.61238e+08;1.42645e+08;1.61221e+08;1.43132e+08;
View002;;0;1.63197e+08;1.43132e+08;1.63212e+08;1.42713e+08;
View002;;0;1.62974e+08;1.43132e+08;1.62657e+08;1.42714e+08;
View002;;0;1.62657e+08;1.42714e+08;1.63212e+08;1.42713e+08;
View002;;0;1.61839e+08;1.42686e+08;1.61415e+08;1.43132e+08;
View002;;0;1.61238e+08;1.42645e+08;1.61839e+08;1.42686e+08;
View002;;0;1.61611e+08;1.41402e+08;1.61839e+08;1.42686e+08;
View002;;0;1.62174e+08;1.4163e+08;1.61839e+08;1.42686e+08;
View002;;0;1.62174e+08;1.4163e+08;1.62657e+08;1.42714e+08;
View002;;0;1.62937e+08;1.41924e+08;1.62657e+08;1.42714e+08;
View002;;0;1.62937e+08;1.41924e+08;1.63212e+08;1.42713e+08;
View002;;0;1.63454e+08;1.42111e+08;1.63212e+08;1.42713e+08;
View002;;0;1.62672e+08;1.39637e+08;1.62426e+08;1.40976e+08;
View002;;0;1.63132e+08;1.40036e+08;1.62426e+08;1.40976e+08;
View002;;0;1.63132e+08;1.40036e+08;1.63189e+08;1.4127e+08;
View002;;0;1.6375e+08;1.40571e+08;1.63189e+08;1.4127e+08;
View002;;0;1.6375e+08;1.40571e+08;1.63707e+08;1.41457e+08;
View002;;0;1.64165e+08;1.40929e+08;1.63707e+08;1.41457e+08;
View002;;0;1.64267e+08;1.38335e+08;1.63099e+08;1.39077e+08;
View002;;0;1.64267e+08;1.38335e+08;1.63131e+08;1.39107e+08;
View002;;0;1.65584e+08;1.3923e+08;1.64573e+08;1.3886e+08;
View002;;0;1.64573e+08;1.3886e+08;1.65184e+08;1.38516e+08;
View002;;0;1.65184e+08;1.38516e+08;1.65584e+08;1.3923e+08;
View002;;0;1.64973e+08;1.39573e+08;1.65584e+08;1.3923e+08;
View002;;0;1.64973e+08;1.39573e+08;1.64573e+08;1.3886e+08;
View002;;0;1.65233e+08;1.40057e+08;1.65844e+08;1.39713e+08;
View002;;0;1.64236e+08;1.38305e+08;1.64847e+08;1.37962e+08;
View002;;0;1.64878e+08;1.37991e+08;1.64236e+08;1.38305e+08;
View002;;0;1.64847e+08;1.37962e+08;1.64878e+08;1.37991e+08;
View002;;0;1.64267e+08;1.38335e+08;1.64236e+08;1.38305e+08;
View002;;0;1.64878e+08;1.37991e+08;1.64267e+08;1.38335e+08;
View002;;0;1.65233e+08;1.40057e+08;1.65584e+08;1.3923e+08;
View002;;0;1.65584e+08;1.3923e+08;1.65844e+08;1.39713e+08;
View002;;0;1.65233e+08;1.40057e+08;1.64973e+08;1.39573e+08;
View002;;0;1.64573e+08;1.3886e+08;1.64878e+08;1.37991e+08;
View002;;0;1.64878e+08;1.37991e+08;1.65184e+08;1.38516e+08;
View002;;0;1.64573e+08;1.3886e+08;1.64267e+08;1.38335e+08;
View002;;0;1.63099e+08;1.39077e+08;1.64236e+08;1.38305e+08;
View002;;0;1.63591e+08;1.39506e+08;1.64267e+08;1.38335e+08;
View002;;0;1.64573e+08;1.3886e+08;1.63591e+08;1.39506e+08;
View002;;0;1.64573e+08;1.3886e+08;1.64209e+08;1.40041e+08;
View002;;0;1.64973e+08;1.39573e+08;1.64209e+08;1.40041e+08;
View002;;0;1.64624e+08;1.40399e+08;1.64973e+08;1.39573e+08;
View002;;0;1.65233e+08;1.40057e+08;1.64624e+08;1.40399e+08;
View002;;0;1.66283e+08;1.37637e+08;1.64847e+08;1.37962e+08;
View002;;0;1.66283e+08;1.37637e+08;1.64878e+08;1.37991e+08;
View002;;0;1.6721e+08;1.38931e+08;1.66393e+08;1.3823e+08;
View002;;0;1.66393e+08;1.3823e+08;1.67085e+08;1.38122e+08;
View002;;0;1.67085e+08;1.38122e+08;1.6721e+08;1.38931e+08;
View002;;0;1.66518e+08;1.39039e+08;1.6721e+08;1.38931e+08;
View002;;0;1.66518e+08;1.39039e+08;1.66393e+08;1.3823e+08;
View002;;0;1.66583e+08;1.3959e+08;1.67276e+08;1.39482e+08;
View002;;0;1.66251e+08;1.37608e+08;1.66943e+08;1.375e+08;
View002;;0;1.66975e+08;1.3753e+08;1.66251e+08;1.37608e+08;
View002;;0;1.66943e+08;1.375e+08;1.66975e+08;1.3753e+08;
View002;;0;1.66283e+08;1.37637e+08;1.66251e+08;1.37608e+08;
View002;;0;1.66975e+08;1.3753e+08;1.66283e+08;1.37637e+08;
View002;;0;1.66583e+08;1.3959e+08;1.6721e+08;1.38931e+08;
View002;;0;1.6721e+08;1.38931e+08;1.67276e+08;1.39482e+08;
View002;;0;1.66583e+08;1.3959e+08;1.66518e+08;1.39039e+08;
View002;;0;1.66393e+08;1.3823e+08;1.66975e+08;1.3753e+08;
View002;;0;1.66975e+08;1.3753e+08;1.67085e+08;1.38122e+08;
View002;;0;1.66393e+08;1.3823e+08;1.66283e+08;1.37637e+08;
View002;;0;1.64847e+08;1.37962e+08;1.66251e+08;1.37608e+08;
View002;;0;1.65184e+08;1.38516e+08;1.66283e+08;1.37637e+08;
View002;;0;1.66393e+08;1.3823e+08;1.65184e+08;1.38516e+08;
View002;;0;1.66393e+08;1.3823e+08;1.65584e+08;1.3923e+08;
View002;;0;1.66518e+08;1.39039e+08;1.65584e+08;1.3923e+08;
View002;;0;1.65844e+08;1.39713e+08;1.66518e+08;1.39039e+08;
View002;;0;1.66583e+08;1.3959e+08;1.65844e+08;1.39713e+08;
View002;;0;1.81789e+08;1.35228e+08;1.66943e+08;1.375e+08;
View002;;0;1.81789e+08;1.35228e+08;1.66975e+08;1.3753e+08;
View002;;0;1.82024e+08;1.36629e+08;1.819e+08;1.35821e+08;
View002;;0;1.819e+08;1.35821e+08;1.81789e+08;1.35228e+08;
View002;;0;1.8209e+08;1.3718e+08;1.82024e+08;1.36629e+08;
View002;;0;1.81789e+08;1.35228e+08;1.81758e+08;1.35199e+08;
View002;;0;1.66943e+08;1.375e+08;1.81758e+08;1.35199e+08;
View002;;0;1.67276e+08;1.39482e+08;1.8209e+08;1.3718e+08;
View002;;0;1.67276e+08;1.39482e+08;1.82024e+08;1.36629e+08;
View002;;0;1.6721e+08;1.38931e+08;1.82024e+08;1.36629e+08;
View002;;0;1.82024e+08;1.36629e+08;1.67085e+08;1.38122e+08;
View002;;0;1.67085e+08;1.38122e+08;1.819e+08;1.35821e+08;
View002;;0;1.67085e+08;1.38122e+08;1.81789e+08;1.35228e+08;
View002;;0;1.23754e+08;1.36372e+08;1.23905e+08;1.35568e+08;
View002;;0;1.2366e+08;1.36962e+08;1.23754e+08;1.36372e+08;
View002;;0;1.23799e+08;1.36443e+08;1.24044e+08;1.35049e+08;
View002;;0;1.24044e+08;1.35049e+08;1.2395e+08;1.35638e+08;
View002;;0;1.2395e+08;1.35638e+08;1.23799e+08;1.36443e+08;
View002;;0;1.24025e+08;1.35019e+08;1.23799e+08;1.36443e+08;
View002;;0;1.24025e+08;1.35019e+08;1.24044e+08;1.35049e+08;
View002;;0;1.23799e+08;1.36443e+08;1.23679e+08;1.36991e+08;
View002;;0;1.23679e+08;1.36991e+08;1.24025e+08;1.35019e+08;
View002;;0;1.23905e+08;1.35568e+08;1.23679e+08;1.36991e+08;
View002;;0;1.23905e+08;1.35568e+08;1.24025e+08;1.35019e+08;
View002;;0;1.23679e+08;1.36991e+08;1.2366e+08;1.36962e+08;
View002;;0;1.2366e+08;1.36962e+08;1.23905e+08;1.35568e+08;
View002;;0;1.24025e+08;1.35019e+08;1.38782e+08;1.37805e+08;
View002;;0;1.38782e+08;1.37805e+08;1.24044e+08;1.35049e+08;
View002;;0;1.24025e+08;1.35019e+08;1.38763e+08;1.37775e+08;
View002;;0;1.24044e+08;1.35049e+08;1.38688e+08;1.38394e+08;
View002;;0;1.38688e+08;1.38394e+08;1.2395e+08;1.35638e+08;
View002;;0;1.2395e+08;1.35638e+08;1.38537e+08;1.39198e+08;
View002;;0;1.38537e+08;1.39198e+08;1.23799e+08;1.36443e+08;
View002;;0;1.23799e+08;1.36443e+08;1.38417e+08;1.39747e+08;
View002;ENDBLK;0;1.38417e+08;1.39747e+08;1.23679e+08;1.36991e+08;
